-- phpMyAdmin SQL Dump
-- version 5.2.1deb3
-- https://www.phpmyadmin.net/
--
-- Hôte : localhost:3306
-- Généré le : dim. 08 fév. 2026 à 12:40
-- Version du serveur : 8.0.45-0ubuntu0.24.04.1
-- Version de PHP : 8.3.6

SET SQL_MODE = "NO_AUTO_VALUE_ON_ZERO";
START TRANSACTION;
SET time_zone = "+00:00";


/*!40101 SET @OLD_CHARACTER_SET_CLIENT=@@CHARACTER_SET_CLIENT */;
/*!40101 SET @OLD_CHARACTER_SET_RESULTS=@@CHARACTER_SET_RESULTS */;
/*!40101 SET @OLD_COLLATION_CONNECTION=@@COLLATION_CONNECTION */;
/*!40101 SET NAMES utf8mb4 */;

--
-- Base de données : `gestion_compteurs_eau`
--

-- --------------------------------------------------------

--
-- Structure de la table `compteur`
--

CREATE TABLE `compteur` (
  `id` int NOT NULL,
  `etat_compteur_id` int NOT NULL,
  `lot_id` int NOT NULL,
  `type` varchar(2) COLLATE utf8mb4_unicode_ci NOT NULL,
  `emplacement` varchar(255) COLLATE utf8mb4_unicode_ci NOT NULL,
  `date_installation` date NOT NULL,
  `numero_serie` varchar(255) COLLATE utf8mb4_unicode_ci DEFAULT NULL,
  `actif` tinyint(1) NOT NULL,
  `photo` varchar(255) COLLATE utf8mb4_unicode_ci DEFAULT NULL
) ENGINE=InnoDB DEFAULT CHARSET=utf8mb4 COLLATE=utf8mb4_unicode_ci;

--
-- Déchargement des données de la table `compteur`
--

INSERT INTO `compteur` (`id`, `etat_compteur_id`, `lot_id`, `type`, `emplacement`, `date_installation`, `numero_serie`, `actif`, `photo`) VALUES
(110, 56, 92, 'EC', 'Cuisine', '2024-05-26', NULL, 0, NULL),
(111, 57, 92, 'EF', 'Salle de bain', '2019-04-03', NULL, 0, NULL),
(112, 56, 93, 'EC', 'Cuisine', '2022-07-18', NULL, 0, NULL),
(113, 57, 93, 'EF', 'Salle de bain', '2024-01-04', NULL, 0, NULL),
(114, 56, 94, 'EC', 'Cuisine', '2022-01-15', NULL, 0, NULL),
(115, 56, 94, 'EF', 'Cuisine', '2015-12-19', NULL, 0, NULL),
(116, 56, 94, 'EC', 'Salle de bain', '2015-09-28', NULL, 0, NULL),
(117, 59, 94, 'EF', 'Salle de bain', '2019-12-26', NULL, 0, NULL),
(118, 56, 95, 'EC', 'Cuisine', '2020-09-27', NULL, 0, NULL),
(119, 56, 95, 'EF', 'Cuisine', '2022-10-05', NULL, 0, NULL),
(120, 56, 95, 'EC', 'Salle de bain', '2015-08-28', NULL, 0, NULL),
(121, 56, 95, 'EF', 'Salle de bain', '2023-07-02', NULL, 0, NULL),
(122, 56, 96, 'EC', 'Cuisine', '2017-11-28', NULL, 0, NULL),
(123, 56, 96, 'EF', 'Cuisine', '2024-11-13', NULL, 0, NULL),
(124, 56, 96, 'EC', 'Salle de bain', '2023-11-04', NULL, 0, NULL),
(125, 58, 96, 'EF', 'Salle de bain', '2018-07-28', NULL, 0, NULL),
(126, 56, 97, 'EC', 'Cuisine', '2017-01-06', NULL, 0, NULL),
(127, 56, 97, 'EF', 'Cuisine', '2021-08-02', NULL, 0, NULL),
(128, 56, 97, 'EC', 'Salle de bain', '2018-07-24', NULL, 0, NULL),
(129, 59, 97, 'EF', 'Salle de bain', '2022-12-11', NULL, 0, NULL),
(130, 56, 98, 'EC', 'Cuisine', '2017-05-07', '5222555', 0, NULL),
(131, 56, 98, 'EF', 'Cuisine', '2016-12-20', NULL, 0, NULL),
(132, 56, 98, 'EC', 'Salle de bain', '2017-09-09', NULL, 0, NULL),
(133, 56, 98, 'EF', 'Salle de bain', '2016-07-18', NULL, 0, NULL),
(134, 56, 99, 'EC', 'Cuisine', '2021-12-22', NULL, 0, NULL),
(135, 56, 99, 'EF', 'Cuisine', '2019-07-15', NULL, 0, NULL),
(136, 56, 99, 'EC', 'Salle de bain', '2019-07-07', NULL, 0, NULL),
(137, 58, 99, 'EF', 'Salle de bain', '2022-12-09', NULL, 0, NULL),
(138, 56, 100, 'EC', 'Cuisine', '2020-02-09', NULL, 0, NULL),
(139, 56, 100, 'EF', 'Cuisine', '2022-02-01', NULL, 0, NULL),
(140, 56, 100, 'EC', 'Salle de bain', '2015-01-18', NULL, 0, NULL),
(141, 59, 100, 'EF', 'Salle de bain', '2018-08-16', NULL, 0, NULL),
(142, 56, 101, 'EC', 'Cuisine', '2018-07-25', NULL, 0, NULL),
(143, 56, 101, 'EF', 'Cuisine', '2020-10-05', NULL, 0, NULL),
(144, 56, 101, 'EC', 'Salle de bain', '2022-01-18', NULL, 0, NULL),
(145, 56, 101, 'EF', 'Salle de bain', '2022-09-10', NULL, 0, NULL);

-- --------------------------------------------------------

--
-- Structure de la table `coproprietaire`
--

CREATE TABLE `coproprietaire` (
  `id` int NOT NULL,
  `user_id` int NOT NULL,
  `nom` varchar(255) COLLATE utf8mb4_unicode_ci NOT NULL,
  `email` varchar(255) COLLATE utf8mb4_unicode_ci NOT NULL,
  `prenom` varchar(255) COLLATE utf8mb4_unicode_ci NOT NULL,
  `telephone` varchar(255) COLLATE utf8mb4_unicode_ci NOT NULL
) ENGINE=InnoDB DEFAULT CHARSET=utf8mb4 COLLATE=utf8mb4_unicode_ci;

--
-- Déchargement des données de la table `coproprietaire`
--

INSERT INTO `coproprietaire` (`id`, `user_id`, `nom`, `email`, `prenom`, `telephone`) VALUES
(187, 197, 'Martin', 'alice.martin@example.com', '', ''),
(188, 198, 'Durand', 'bruno.durand@example.com', '', ''),
(189, 199, 'Moreau', 'chloé.moreau@example.com', '', ''),
(190, 200, 'Petit', 'david.petit@example.com', '', ''),
(191, 201, 'Garcia', 'emma.garcia@example.com', '', ''),
(192, 202, 'Roux', 'fabien.roux@example.com', '', ''),
(193, 203, 'Lambert', 'gina.lambert@example.com', '', ''),
(194, 204, 'Lefevre', 'hugo.lefevre@example.com', '', ''),
(195, 205, 'Robert', 'inès.robert@example.com', '', ''),
(196, 206, 'Richard', 'jules.richard@example.com', '', ''),
(197, 207, 'Simon', 'karen.simon@example.com', '', ''),
(198, 208, 'Michel', 'léo.michel@example.com', '', ''),
(199, 209, 'Dubois', 'maya.dubois@example.com', '', ''),
(200, 210, 'Laurent', 'noah.laurent@example.com', '', ''),
(201, 211, 'Fournier', 'ophélie.fournier@example.com', '', '');

-- --------------------------------------------------------

--
-- Structure de la table `doctrine_migration_versions`
--

CREATE TABLE `doctrine_migration_versions` (
  `version` varchar(191) COLLATE utf8mb3_unicode_ci NOT NULL,
  `executed_at` datetime DEFAULT NULL,
  `execution_time` int DEFAULT NULL
) ENGINE=InnoDB DEFAULT CHARSET=utf8mb3 COLLATE=utf8mb3_unicode_ci;

--
-- Déchargement des données de la table `doctrine_migration_versions`
--

INSERT INTO `doctrine_migration_versions` (`version`, `executed_at`, `execution_time`) VALUES
('DoctrineMigrations\\Version20250806101106', '2025-08-06 10:11:20', 1212),
('DoctrineMigrations\\Version20250807105626', '2025-08-07 10:56:34', 116),
('DoctrineMigrations\\Version20250812175219', '2025-08-12 17:52:36', 198),
('DoctrineMigrations\\Version20250812222909', '2025-08-12 22:32:50', 1321),
('DoctrineMigrations\\Version20250812222916', '2025-08-12 22:32:52', 1135),
('DoctrineMigrations\\Version20250813193615', '2025-08-14 20:30:50', 790),
('DoctrineMigrations\\Version20250813193713', '2025-08-14 20:35:17', 25),
('DoctrineMigrations\\Version20250814180000', NULL, NULL),
('DoctrineMigrations\\Version20250814230000', '2025-08-14 20:53:35', 791),
('DoctrineMigrations\\Version20250815150319', '2025-08-15 15:12:21', 1254),
('DoctrineMigrations\\Version20250908132354', '2025-09-08 13:28:53', 321),
('DoctrineMigrations\\Version20250918185837', '2025-09-18 19:12:22', 2),
('DoctrineMigrations\\VersionYYYYMMDDHHMMSS', '2025-08-14 20:56:09', 47);

-- --------------------------------------------------------

--
-- Structure de la table `etat_compteur`
--

CREATE TABLE `etat_compteur` (
  `id` int NOT NULL,
  `libelle` varchar(255) COLLATE utf8mb4_unicode_ci NOT NULL,
  `code` varchar(50) COLLATE utf8mb4_unicode_ci NOT NULL
) ENGINE=InnoDB DEFAULT CHARSET=utf8mb4 COLLATE=utf8mb4_unicode_ci;

--
-- Déchargement des données de la table `etat_compteur`
--

INSERT INTO `etat_compteur` (`id`, `libelle`, `code`) VALUES
(56, 'En fonctionnement', 'actif'),
(57, 'Supprimé', 'supprime'),
(58, 'Forfait', 'forfait'),
(59, 'Remplacé', 'remplace');

-- --------------------------------------------------------

--
-- Structure de la table `lot`
--

CREATE TABLE `lot` (
  `id` int NOT NULL,
  `coproprietaire_id` int NOT NULL,
  `numero_lot` varchar(50) COLLATE utf8mb4_unicode_ci NOT NULL,
  `type_appartement` varchar(255) COLLATE utf8mb4_unicode_ci NOT NULL,
  `emplacement` varchar(255) COLLATE utf8mb4_unicode_ci NOT NULL,
  `tantieme` int NOT NULL,
  `occupant` varchar(255) COLLATE utf8mb4_unicode_ci NOT NULL
) ENGINE=InnoDB DEFAULT CHARSET=utf8mb4 COLLATE=utf8mb4_unicode_ci;

--
-- Déchargement des données de la table `lot`
--

INSERT INTO `lot` (`id`, `coproprietaire_id`, `numero_lot`, `type_appartement`, `emplacement`, `tantieme`, `occupant`) VALUES
(92, 187, '101', 'T2', 'Étage 1 — Lot 101', 72, 'N/A'),
(93, 188, '102', 'T4', 'Étage 1 — Lot 102', 136, 'N/A'),
(94, 189, '103', 'T1', 'Étage 2 — Lot 103', 123, 'N/A'),
(95, 190, '104', 'T4', 'Étage 2 — Lot 104', 242, 'N/A'),
(96, 191, '105', 'T2', 'Étage 3 — Lot 105', 231, 'N/A'),
(97, 192, '106', 'T4', 'Étage 3 — Lot 106', 54, 'N/A'),
(98, 193, '107', 'T2', 'Étage 4 — Lot 107', 77, 'N/A'),
(99, 194, '108', 'T4', 'Étage 4 — Lot 108', 145, 'N/A'),
(100, 195, '109', 'T2', 'Étage 5 — Lot 109', 240, 'N/A'),
(101, 196, '110', 'T2', 'Étage 5 — Lot 110', 76, 'N/A');

-- --------------------------------------------------------

--
-- Structure de la table `messenger_messages`
--

CREATE TABLE `messenger_messages` (
  `id` bigint NOT NULL,
  `body` longtext COLLATE utf8mb4_unicode_ci NOT NULL,
  `headers` longtext COLLATE utf8mb4_unicode_ci NOT NULL,
  `queue_name` varchar(190) COLLATE utf8mb4_unicode_ci NOT NULL,
  `created_at` datetime NOT NULL COMMENT '(DC2Type:datetime_immutable)',
  `available_at` datetime NOT NULL COMMENT '(DC2Type:datetime_immutable)',
  `delivered_at` datetime DEFAULT NULL COMMENT '(DC2Type:datetime_immutable)'
) ENGINE=InnoDB DEFAULT CHARSET=utf8mb4 COLLATE=utf8mb4_unicode_ci;

-- --------------------------------------------------------

--
-- Structure de la table `parametre`
--

CREATE TABLE `parametre` (
  `id` int NOT NULL,
  `annee` int DEFAULT NULL,
  `forfait_ef` double NOT NULL,
  `forfait_ec` double NOT NULL
) ENGINE=InnoDB DEFAULT CHARSET=utf8mb4 COLLATE=utf8mb4_unicode_ci;

--
-- Déchargement des données de la table `parametre`
--

INSERT INTO `parametre` (`id`, `annee`, `forfait_ef`, `forfait_ec`) VALUES
(1, 2025, 150, 75);

-- --------------------------------------------------------

--
-- Structure de la table `releve`
--

CREATE TABLE `releve` (
  `id` int NOT NULL,
  `compteur_id` int NOT NULL,
  `lot_id` int NOT NULL,
  `annee` int NOT NULL,
  `index_n` int DEFAULT NULL,
  `consommation` decimal(10,3) DEFAULT NULL,
  `commentaire` longtext COLLATE utf8mb4_unicode_ci,
  `etat_id` int DEFAULT NULL,
  `index_n1` int DEFAULT NULL,
  `index_compteur_demonte` int DEFAULT NULL,
  `index_nouveau_compteur` int DEFAULT NULL,
  `created_at` datetime NOT NULL COMMENT '(DC2Type:datetime_immutable)',
  `updated_at` datetime NOT NULL COMMENT '(DC2Type:datetime_immutable)'
) ENGINE=InnoDB DEFAULT CHARSET=utf8mb4 COLLATE=utf8mb4_unicode_ci;

--
-- Déchargement des données de la table `releve`
--

INSERT INTO `releve` (`id`, `compteur_id`, `lot_id`, `annee`, `index_n`, `consommation`, `commentaire`, `etat_id`, `index_n1`, `index_compteur_demonte`, `index_nouveau_compteur`, `created_at`, `updated_at`) VALUES
(505, 110, 92, 2018, NULL, NULL, NULL, NULL, NULL, NULL, NULL, '2025-08-15 17:12:21', '2025-08-15 17:12:21'),
(506, 110, 92, 2019, NULL, NULL, NULL, NULL, NULL, NULL, NULL, '2025-08-15 17:12:21', '2025-08-15 17:12:21'),
(507, 110, 92, 2020, NULL, NULL, NULL, NULL, NULL, NULL, NULL, '2025-08-15 17:12:21', '2025-08-15 17:12:21'),
(508, 110, 92, 2021, NULL, NULL, NULL, NULL, NULL, NULL, NULL, '2025-08-15 17:12:21', '2025-08-15 17:12:21'),
(509, 110, 92, 2022, NULL, NULL, NULL, NULL, NULL, NULL, NULL, '2025-08-15 17:12:21', '2025-08-15 17:12:21'),
(510, 110, 92, 2023, NULL, NULL, NULL, NULL, NULL, NULL, NULL, '2025-08-15 17:12:21', '2025-08-15 17:12:21'),
(511, 110, 92, 2024, 10, NULL, NULL, NULL, NULL, NULL, NULL, '2025-08-15 17:12:21', '2025-09-03 12:46:14'),
(512, 111, 92, 2018, NULL, NULL, NULL, NULL, NULL, NULL, NULL, '2025-08-15 17:12:21', '2025-08-15 17:12:21'),
(513, 111, 92, 2019, NULL, NULL, NULL, NULL, NULL, NULL, NULL, '2025-08-15 17:12:21', '2025-08-15 17:12:21'),
(514, 111, 92, 2020, NULL, NULL, NULL, NULL, NULL, NULL, NULL, '2025-08-15 17:12:21', '2025-08-15 17:12:21'),
(515, 111, 92, 2021, NULL, NULL, NULL, NULL, NULL, NULL, NULL, '2025-08-15 17:12:21', '2025-08-15 17:12:21'),
(516, 111, 92, 2022, NULL, NULL, NULL, NULL, NULL, NULL, NULL, '2025-08-15 17:12:21', '2025-08-15 17:12:21'),
(517, 111, 92, 2023, NULL, NULL, NULL, NULL, NULL, NULL, NULL, '2025-08-15 17:12:21', '2025-08-15 17:12:21'),
(518, 111, 92, 2024, NULL, NULL, NULL, NULL, NULL, NULL, NULL, '2025-08-15 17:12:21', '2025-08-15 17:12:21'),
(519, 112, 93, 2018, NULL, NULL, NULL, NULL, NULL, NULL, NULL, '2025-08-15 17:12:21', '2025-08-15 17:12:21'),
(520, 112, 93, 2019, NULL, NULL, NULL, NULL, NULL, NULL, NULL, '2025-08-15 17:12:21', '2025-08-15 17:12:21'),
(521, 112, 93, 2020, NULL, NULL, NULL, NULL, NULL, NULL, NULL, '2025-08-15 17:12:21', '2025-08-15 17:12:21'),
(522, 112, 93, 2021, NULL, NULL, NULL, NULL, NULL, NULL, NULL, '2025-08-15 17:12:21', '2025-08-15 17:12:21'),
(523, 112, 93, 2022, NULL, NULL, NULL, NULL, NULL, NULL, NULL, '2025-08-15 17:12:21', '2025-08-15 17:12:21'),
(524, 112, 93, 2023, NULL, NULL, NULL, NULL, NULL, NULL, NULL, '2025-08-15 17:12:21', '2025-08-15 17:12:21'),
(525, 112, 93, 2024, NULL, NULL, NULL, NULL, NULL, NULL, NULL, '2025-08-15 17:12:21', '2025-08-15 17:12:21'),
(526, 113, 93, 2018, NULL, NULL, NULL, NULL, NULL, NULL, NULL, '2025-08-15 17:12:21', '2025-08-15 17:12:21'),
(527, 113, 93, 2019, NULL, NULL, NULL, NULL, NULL, NULL, NULL, '2025-08-15 17:12:21', '2025-08-15 17:12:21'),
(528, 113, 93, 2020, NULL, NULL, NULL, NULL, NULL, NULL, NULL, '2025-08-15 17:12:21', '2025-08-15 17:12:21'),
(529, 113, 93, 2021, NULL, NULL, NULL, NULL, NULL, NULL, NULL, '2025-08-15 17:12:21', '2025-08-15 17:12:21'),
(530, 113, 93, 2022, NULL, NULL, NULL, NULL, NULL, NULL, NULL, '2025-08-15 17:12:21', '2025-08-15 17:12:21'),
(531, 113, 93, 2023, NULL, NULL, NULL, NULL, NULL, NULL, NULL, '2025-08-15 17:12:21', '2025-08-15 17:12:21'),
(532, 113, 93, 2024, NULL, NULL, NULL, NULL, NULL, NULL, NULL, '2025-08-15 17:12:21', '2025-08-15 17:12:21'),
(533, 114, 94, 2018, NULL, NULL, NULL, NULL, NULL, NULL, NULL, '2025-08-15 17:12:21', '2025-08-15 17:12:21'),
(534, 114, 94, 2019, NULL, NULL, NULL, NULL, NULL, NULL, NULL, '2025-08-15 17:12:21', '2025-08-15 17:12:21'),
(535, 114, 94, 2020, NULL, NULL, NULL, NULL, NULL, NULL, NULL, '2025-08-15 17:12:21', '2025-08-15 17:12:21'),
(536, 114, 94, 2021, NULL, NULL, NULL, NULL, NULL, NULL, NULL, '2025-08-15 17:12:21', '2025-08-15 17:12:21'),
(537, 114, 94, 2022, NULL, NULL, NULL, NULL, NULL, NULL, NULL, '2025-08-15 17:12:21', '2025-08-15 17:12:21'),
(538, 114, 94, 2023, NULL, NULL, NULL, NULL, NULL, NULL, NULL, '2025-08-15 17:12:21', '2025-08-15 17:12:21'),
(539, 114, 94, 2024, NULL, NULL, NULL, NULL, NULL, NULL, NULL, '2025-08-15 17:12:21', '2025-08-15 17:12:21'),
(540, 115, 94, 2018, NULL, NULL, NULL, NULL, NULL, NULL, NULL, '2025-08-15 17:12:21', '2025-08-15 17:12:21'),
(541, 115, 94, 2019, NULL, NULL, NULL, NULL, NULL, NULL, NULL, '2025-08-15 17:12:21', '2025-08-15 17:12:21'),
(542, 115, 94, 2020, NULL, NULL, NULL, NULL, NULL, NULL, NULL, '2025-08-15 17:12:21', '2025-08-15 17:12:21'),
(543, 115, 94, 2021, NULL, NULL, NULL, NULL, NULL, NULL, NULL, '2025-08-15 17:12:21', '2025-08-15 17:12:21'),
(544, 115, 94, 2022, NULL, NULL, NULL, NULL, NULL, NULL, NULL, '2025-08-15 17:12:21', '2025-08-15 17:12:21'),
(545, 115, 94, 2023, NULL, NULL, NULL, NULL, NULL, NULL, NULL, '2025-08-15 17:12:21', '2025-08-15 17:12:21'),
(546, 115, 94, 2024, NULL, NULL, NULL, NULL, NULL, NULL, NULL, '2025-08-15 17:12:21', '2025-08-15 17:12:21'),
(547, 116, 94, 2018, NULL, NULL, NULL, NULL, NULL, NULL, NULL, '2025-08-15 17:12:21', '2025-08-15 17:12:21'),
(548, 116, 94, 2019, NULL, NULL, NULL, NULL, NULL, NULL, NULL, '2025-08-15 17:12:21', '2025-08-15 17:12:21'),
(549, 116, 94, 2020, NULL, NULL, NULL, NULL, NULL, NULL, NULL, '2025-08-15 17:12:21', '2025-08-15 17:12:21'),
(550, 116, 94, 2021, NULL, NULL, NULL, NULL, NULL, NULL, NULL, '2025-08-15 17:12:21', '2025-08-15 17:12:21'),
(551, 116, 94, 2022, NULL, NULL, NULL, NULL, NULL, NULL, NULL, '2025-08-15 17:12:21', '2025-08-15 17:12:21'),
(552, 116, 94, 2023, NULL, NULL, NULL, NULL, NULL, NULL, NULL, '2025-08-15 17:12:21', '2025-08-15 17:12:21'),
(553, 116, 94, 2024, NULL, NULL, NULL, NULL, NULL, NULL, NULL, '2025-08-15 17:12:21', '2025-08-15 17:12:21'),
(554, 117, 94, 2018, NULL, NULL, NULL, NULL, NULL, NULL, NULL, '2025-08-15 17:12:21', '2025-08-15 17:12:21'),
(555, 117, 94, 2019, NULL, NULL, NULL, NULL, NULL, NULL, NULL, '2025-08-15 17:12:21', '2025-08-15 17:12:21'),
(556, 117, 94, 2020, NULL, NULL, NULL, NULL, NULL, NULL, NULL, '2025-08-15 17:12:21', '2025-08-15 17:12:21'),
(557, 117, 94, 2021, NULL, NULL, NULL, NULL, NULL, NULL, NULL, '2025-08-15 17:12:21', '2025-08-15 17:12:21'),
(558, 117, 94, 2022, NULL, NULL, NULL, NULL, NULL, NULL, NULL, '2025-08-15 17:12:21', '2025-08-15 17:12:21'),
(559, 117, 94, 2023, NULL, NULL, NULL, NULL, NULL, NULL, NULL, '2025-08-15 17:12:21', '2025-08-15 17:12:21'),
(560, 117, 94, 2024, NULL, NULL, NULL, NULL, NULL, NULL, NULL, '2025-08-15 17:12:21', '2025-08-15 17:12:21'),
(561, 118, 95, 2018, NULL, NULL, NULL, NULL, NULL, NULL, NULL, '2025-08-15 17:12:21', '2025-08-15 17:12:21'),
(562, 118, 95, 2019, NULL, NULL, NULL, NULL, NULL, NULL, NULL, '2025-08-15 17:12:21', '2025-08-15 17:12:21'),
(563, 118, 95, 2020, NULL, NULL, NULL, NULL, NULL, NULL, NULL, '2025-08-15 17:12:21', '2025-08-15 17:12:21'),
(564, 118, 95, 2021, NULL, NULL, NULL, NULL, NULL, NULL, NULL, '2025-08-15 17:12:21', '2025-08-15 17:12:21'),
(565, 118, 95, 2022, NULL, NULL, NULL, NULL, NULL, NULL, NULL, '2025-08-15 17:12:21', '2025-08-15 17:12:21'),
(566, 118, 95, 2023, NULL, NULL, NULL, NULL, NULL, NULL, NULL, '2025-08-15 17:12:21', '2025-08-15 17:12:21'),
(567, 118, 95, 2024, NULL, NULL, NULL, NULL, NULL, NULL, NULL, '2025-08-15 17:12:21', '2025-08-15 17:12:21'),
(568, 119, 95, 2018, NULL, NULL, NULL, NULL, NULL, NULL, NULL, '2025-08-15 17:12:21', '2025-08-15 17:12:21'),
(569, 119, 95, 2019, NULL, NULL, NULL, NULL, NULL, NULL, NULL, '2025-08-15 17:12:21', '2025-08-15 17:12:21'),
(570, 119, 95, 2020, NULL, NULL, NULL, NULL, NULL, NULL, NULL, '2025-08-15 17:12:21', '2025-08-15 17:12:21'),
(571, 119, 95, 2021, NULL, NULL, NULL, NULL, NULL, NULL, NULL, '2025-08-15 17:12:21', '2025-08-15 17:12:21'),
(572, 119, 95, 2022, NULL, NULL, NULL, NULL, NULL, NULL, NULL, '2025-08-15 17:12:21', '2025-08-15 17:12:21'),
(573, 119, 95, 2023, NULL, NULL, NULL, NULL, NULL, NULL, NULL, '2025-08-15 17:12:21', '2025-08-15 17:12:21'),
(574, 119, 95, 2024, NULL, NULL, NULL, NULL, NULL, NULL, NULL, '2025-08-15 17:12:21', '2025-08-15 17:12:21'),
(575, 120, 95, 2018, NULL, NULL, NULL, NULL, NULL, NULL, NULL, '2025-08-15 17:12:21', '2025-08-15 17:12:21'),
(576, 120, 95, 2019, NULL, NULL, NULL, NULL, NULL, NULL, NULL, '2025-08-15 17:12:21', '2025-08-15 17:12:21'),
(577, 120, 95, 2020, NULL, NULL, NULL, NULL, NULL, NULL, NULL, '2025-08-15 17:12:21', '2025-08-15 17:12:21'),
(578, 120, 95, 2021, NULL, NULL, NULL, NULL, NULL, NULL, NULL, '2025-08-15 17:12:21', '2025-08-15 17:12:21'),
(579, 120, 95, 2022, NULL, NULL, NULL, NULL, NULL, NULL, NULL, '2025-08-15 17:12:21', '2025-08-15 17:12:21'),
(580, 120, 95, 2023, NULL, NULL, NULL, NULL, NULL, NULL, NULL, '2025-08-15 17:12:21', '2025-08-15 17:12:21'),
(581, 120, 95, 2024, NULL, NULL, NULL, NULL, NULL, NULL, NULL, '2025-08-15 17:12:21', '2025-08-15 17:12:21'),
(582, 121, 95, 2018, NULL, NULL, NULL, NULL, NULL, NULL, NULL, '2025-08-15 17:12:21', '2025-08-15 17:12:21'),
(583, 121, 95, 2019, NULL, NULL, NULL, NULL, NULL, NULL, NULL, '2025-08-15 17:12:21', '2025-08-15 17:12:21'),
(584, 121, 95, 2020, NULL, NULL, NULL, NULL, NULL, NULL, NULL, '2025-08-15 17:12:21', '2025-08-15 17:12:21'),
(585, 121, 95, 2021, NULL, NULL, NULL, NULL, NULL, NULL, NULL, '2025-08-15 17:12:21', '2025-08-15 17:12:21'),
(586, 121, 95, 2022, NULL, NULL, NULL, NULL, NULL, NULL, NULL, '2025-08-15 17:12:21', '2025-08-15 17:12:21'),
(587, 121, 95, 2023, NULL, NULL, NULL, NULL, NULL, NULL, NULL, '2025-08-15 17:12:21', '2025-08-15 17:12:21'),
(588, 121, 95, 2024, NULL, NULL, NULL, NULL, NULL, NULL, NULL, '2025-08-15 17:12:21', '2025-08-15 17:12:21'),
(589, 122, 96, 2018, NULL, NULL, NULL, NULL, NULL, NULL, NULL, '2025-08-15 17:12:21', '2025-08-15 17:12:21'),
(590, 122, 96, 2019, NULL, NULL, NULL, NULL, NULL, NULL, NULL, '2025-08-15 17:12:21', '2025-08-15 17:12:21'),
(591, 122, 96, 2020, NULL, NULL, NULL, NULL, NULL, NULL, NULL, '2025-08-15 17:12:21', '2025-08-15 17:12:21'),
(592, 122, 96, 2021, NULL, NULL, NULL, NULL, NULL, NULL, NULL, '2025-08-15 17:12:21', '2025-08-15 17:12:21'),
(593, 122, 96, 2022, NULL, NULL, NULL, NULL, NULL, NULL, NULL, '2025-08-15 17:12:21', '2025-08-15 17:12:21'),
(594, 122, 96, 2023, NULL, NULL, NULL, NULL, NULL, NULL, NULL, '2025-08-15 17:12:21', '2025-08-15 17:12:21'),
(595, 122, 96, 2024, NULL, NULL, NULL, NULL, NULL, NULL, NULL, '2025-08-15 17:12:21', '2025-08-15 17:12:21'),
(596, 123, 96, 2018, NULL, NULL, NULL, NULL, NULL, NULL, NULL, '2025-08-15 17:12:21', '2025-08-15 17:12:21'),
(597, 123, 96, 2019, NULL, NULL, NULL, NULL, NULL, NULL, NULL, '2025-08-15 17:12:21', '2025-08-15 17:12:21'),
(598, 123, 96, 2020, NULL, NULL, NULL, NULL, NULL, NULL, NULL, '2025-08-15 17:12:21', '2025-08-15 17:12:21'),
(599, 123, 96, 2021, NULL, NULL, NULL, NULL, NULL, NULL, NULL, '2025-08-15 17:12:21', '2025-08-15 17:12:21'),
(600, 123, 96, 2022, NULL, NULL, NULL, NULL, NULL, NULL, NULL, '2025-08-15 17:12:21', '2025-08-15 17:12:21'),
(601, 123, 96, 2023, NULL, NULL, NULL, NULL, NULL, NULL, NULL, '2025-08-15 17:12:21', '2025-08-15 17:12:21'),
(602, 123, 96, 2024, NULL, NULL, NULL, NULL, NULL, NULL, NULL, '2025-08-15 17:12:21', '2025-08-15 17:12:21'),
(603, 124, 96, 2018, NULL, NULL, NULL, NULL, NULL, NULL, NULL, '2025-08-15 17:12:21', '2025-08-15 17:12:21'),
(604, 124, 96, 2019, NULL, NULL, NULL, NULL, NULL, NULL, NULL, '2025-08-15 17:12:21', '2025-08-15 17:12:21'),
(605, 124, 96, 2020, NULL, NULL, NULL, NULL, NULL, NULL, NULL, '2025-08-15 17:12:21', '2025-08-15 17:12:21'),
(606, 124, 96, 2021, NULL, NULL, NULL, NULL, NULL, NULL, NULL, '2025-08-15 17:12:21', '2025-08-15 17:12:21'),
(607, 124, 96, 2022, NULL, NULL, NULL, NULL, NULL, NULL, NULL, '2025-08-15 17:12:21', '2025-08-15 17:12:21'),
(608, 124, 96, 2023, NULL, NULL, NULL, NULL, NULL, NULL, NULL, '2025-08-15 17:12:21', '2025-08-15 17:12:21'),
(609, 124, 96, 2024, NULL, NULL, NULL, NULL, NULL, NULL, NULL, '2025-08-15 17:12:21', '2025-08-15 17:12:21'),
(610, 125, 96, 2018, NULL, NULL, NULL, NULL, NULL, NULL, NULL, '2025-08-15 17:12:21', '2025-08-15 17:12:21'),
(611, 125, 96, 2019, NULL, NULL, NULL, NULL, NULL, NULL, NULL, '2025-08-15 17:12:21', '2025-08-15 17:12:21'),
(612, 125, 96, 2020, NULL, NULL, NULL, NULL, NULL, NULL, NULL, '2025-08-15 17:12:21', '2025-08-15 17:12:21'),
(613, 125, 96, 2021, NULL, NULL, NULL, NULL, NULL, NULL, NULL, '2025-08-15 17:12:21', '2025-08-15 17:12:21'),
(614, 125, 96, 2022, NULL, NULL, NULL, NULL, NULL, NULL, NULL, '2025-08-15 17:12:21', '2025-08-15 17:12:21'),
(615, 125, 96, 2023, NULL, NULL, NULL, NULL, NULL, NULL, NULL, '2025-08-15 17:12:21', '2025-08-15 17:12:21'),
(616, 125, 96, 2024, NULL, NULL, NULL, NULL, NULL, NULL, NULL, '2025-08-15 17:12:21', '2025-08-15 17:12:21'),
(617, 126, 97, 2018, NULL, NULL, NULL, NULL, NULL, NULL, NULL, '2025-08-15 17:12:21', '2025-08-15 17:12:21'),
(618, 126, 97, 2019, NULL, NULL, NULL, NULL, NULL, NULL, NULL, '2025-08-15 17:12:21', '2025-08-15 17:12:21'),
(619, 126, 97, 2020, NULL, NULL, NULL, NULL, NULL, NULL, NULL, '2025-08-15 17:12:21', '2025-08-15 17:12:21'),
(620, 126, 97, 2021, NULL, NULL, NULL, NULL, NULL, NULL, NULL, '2025-08-15 17:12:21', '2025-08-15 17:12:21'),
(621, 126, 97, 2022, NULL, NULL, NULL, NULL, NULL, NULL, NULL, '2025-08-15 17:12:21', '2025-08-15 17:12:21'),
(622, 126, 97, 2023, NULL, NULL, NULL, NULL, NULL, NULL, NULL, '2025-08-15 17:12:21', '2025-08-15 17:12:21'),
(623, 126, 97, 2024, NULL, NULL, NULL, NULL, NULL, NULL, NULL, '2025-08-15 17:12:21', '2025-08-15 17:12:21'),
(624, 127, 97, 2018, NULL, NULL, NULL, NULL, NULL, NULL, NULL, '2025-08-15 17:12:21', '2025-08-15 17:12:21'),
(625, 127, 97, 2019, NULL, NULL, NULL, NULL, NULL, NULL, NULL, '2025-08-15 17:12:21', '2025-08-15 17:12:21'),
(626, 127, 97, 2020, NULL, NULL, NULL, NULL, NULL, NULL, NULL, '2025-08-15 17:12:21', '2025-08-15 17:12:21'),
(627, 127, 97, 2021, NULL, NULL, NULL, NULL, NULL, NULL, NULL, '2025-08-15 17:12:21', '2025-08-15 17:12:21'),
(628, 127, 97, 2022, NULL, NULL, NULL, NULL, NULL, NULL, NULL, '2025-08-15 17:12:21', '2025-08-15 17:12:21'),
(629, 127, 97, 2023, NULL, NULL, NULL, NULL, NULL, NULL, NULL, '2025-08-15 17:12:21', '2025-08-15 17:12:21'),
(630, 127, 97, 2024, NULL, NULL, NULL, NULL, NULL, NULL, NULL, '2025-08-15 17:12:21', '2025-08-15 17:12:21'),
(631, 128, 97, 2018, NULL, NULL, NULL, NULL, NULL, NULL, NULL, '2025-08-15 17:12:21', '2025-08-15 17:12:21'),
(632, 128, 97, 2019, NULL, NULL, NULL, NULL, NULL, NULL, NULL, '2025-08-15 17:12:21', '2025-08-15 17:12:21'),
(633, 128, 97, 2020, NULL, NULL, NULL, NULL, NULL, NULL, NULL, '2025-08-15 17:12:21', '2025-08-15 17:12:21'),
(634, 128, 97, 2021, NULL, NULL, NULL, NULL, NULL, NULL, NULL, '2025-08-15 17:12:21', '2025-08-15 17:12:21'),
(635, 128, 97, 2022, NULL, NULL, NULL, NULL, NULL, NULL, NULL, '2025-08-15 17:12:21', '2025-08-15 17:12:21'),
(636, 128, 97, 2023, NULL, NULL, NULL, NULL, NULL, NULL, NULL, '2025-08-15 17:12:21', '2025-08-15 17:12:21'),
(637, 128, 97, 2024, NULL, NULL, NULL, NULL, NULL, NULL, NULL, '2025-08-15 17:12:21', '2025-08-15 17:12:21'),
(638, 129, 97, 2018, NULL, NULL, NULL, NULL, NULL, NULL, NULL, '2025-08-15 17:12:21', '2025-08-15 17:12:21'),
(639, 129, 97, 2019, NULL, NULL, NULL, NULL, NULL, NULL, NULL, '2025-08-15 17:12:21', '2025-08-15 17:12:21'),
(640, 129, 97, 2020, NULL, NULL, NULL, NULL, NULL, NULL, NULL, '2025-08-15 17:12:21', '2025-08-15 17:12:21'),
(641, 129, 97, 2021, NULL, NULL, NULL, NULL, NULL, NULL, NULL, '2025-08-15 17:12:21', '2025-08-15 17:12:21'),
(642, 129, 97, 2022, NULL, NULL, NULL, NULL, NULL, NULL, NULL, '2025-08-15 17:12:21', '2025-08-15 17:12:21'),
(643, 129, 97, 2023, NULL, NULL, NULL, NULL, NULL, NULL, NULL, '2025-08-15 17:12:21', '2025-08-15 17:12:21'),
(644, 129, 97, 2024, NULL, NULL, NULL, NULL, NULL, NULL, NULL, '2025-08-15 17:12:21', '2025-08-15 17:12:21'),
(645, 130, 98, 2018, NULL, NULL, NULL, NULL, NULL, NULL, NULL, '2025-08-15 17:12:21', '2025-08-15 17:12:21'),
(646, 130, 98, 2019, NULL, NULL, NULL, NULL, NULL, NULL, NULL, '2025-08-15 17:12:21', '2025-08-15 17:12:21'),
(647, 130, 98, 2020, NULL, NULL, NULL, NULL, NULL, NULL, NULL, '2025-08-15 17:12:21', '2025-08-15 17:12:21'),
(648, 130, 98, 2021, NULL, NULL, NULL, NULL, NULL, NULL, NULL, '2025-08-15 17:12:21', '2025-08-15 17:12:21'),
(649, 130, 98, 2022, NULL, NULL, NULL, NULL, NULL, NULL, NULL, '2025-08-15 17:12:21', '2025-08-15 17:12:21'),
(650, 130, 98, 2023, NULL, NULL, NULL, NULL, NULL, NULL, NULL, '2025-08-15 17:12:21', '2025-08-15 17:12:21'),
(651, 130, 98, 2024, NULL, NULL, NULL, NULL, NULL, NULL, NULL, '2025-08-15 17:12:21', '2025-08-15 17:12:21'),
(652, 131, 98, 2018, NULL, NULL, NULL, NULL, NULL, NULL, NULL, '2025-08-15 17:12:21', '2025-08-15 17:12:21'),
(653, 131, 98, 2019, NULL, NULL, NULL, NULL, NULL, NULL, NULL, '2025-08-15 17:12:21', '2025-08-15 17:12:21'),
(654, 131, 98, 2020, NULL, NULL, NULL, NULL, NULL, NULL, NULL, '2025-08-15 17:12:21', '2025-08-15 17:12:21'),
(655, 131, 98, 2021, NULL, NULL, NULL, NULL, NULL, NULL, NULL, '2025-08-15 17:12:21', '2025-08-15 17:12:21'),
(656, 131, 98, 2022, NULL, NULL, NULL, NULL, NULL, NULL, NULL, '2025-08-15 17:12:21', '2025-08-15 17:12:21'),
(657, 131, 98, 2023, NULL, NULL, NULL, NULL, NULL, NULL, NULL, '2025-08-15 17:12:21', '2025-08-15 17:12:21'),
(658, 131, 98, 2024, NULL, NULL, NULL, NULL, NULL, NULL, NULL, '2025-08-15 17:12:21', '2025-08-15 17:12:21'),
(659, 132, 98, 2018, NULL, NULL, NULL, NULL, NULL, NULL, NULL, '2025-08-15 17:12:21', '2025-08-15 17:12:21'),
(660, 132, 98, 2019, NULL, NULL, NULL, NULL, NULL, NULL, NULL, '2025-08-15 17:12:21', '2025-08-15 17:12:21'),
(661, 132, 98, 2020, NULL, NULL, NULL, NULL, NULL, NULL, NULL, '2025-08-15 17:12:21', '2025-08-15 17:12:21'),
(662, 132, 98, 2021, NULL, NULL, NULL, NULL, NULL, NULL, NULL, '2025-08-15 17:12:21', '2025-08-15 17:12:21'),
(663, 132, 98, 2022, NULL, NULL, NULL, NULL, NULL, NULL, NULL, '2025-08-15 17:12:21', '2025-08-15 17:12:21'),
(664, 132, 98, 2023, NULL, NULL, NULL, NULL, NULL, NULL, NULL, '2025-08-15 17:12:21', '2025-08-15 17:12:21'),
(665, 132, 98, 2024, NULL, NULL, NULL, NULL, NULL, NULL, NULL, '2025-08-15 17:12:21', '2025-08-15 17:12:21'),
(666, 133, 98, 2018, NULL, NULL, NULL, NULL, NULL, NULL, NULL, '2025-08-15 17:12:21', '2025-08-15 17:12:21'),
(667, 133, 98, 2019, NULL, NULL, NULL, NULL, NULL, NULL, NULL, '2025-08-15 17:12:21', '2025-08-15 17:12:21'),
(668, 133, 98, 2020, NULL, NULL, NULL, NULL, NULL, NULL, NULL, '2025-08-15 17:12:21', '2025-08-15 17:12:21'),
(669, 133, 98, 2021, NULL, NULL, NULL, NULL, NULL, NULL, NULL, '2025-08-15 17:12:21', '2025-08-15 17:12:21'),
(670, 133, 98, 2022, NULL, NULL, NULL, NULL, NULL, NULL, NULL, '2025-08-15 17:12:21', '2025-08-15 17:12:21'),
(671, 133, 98, 2023, NULL, NULL, NULL, NULL, NULL, NULL, NULL, '2025-08-15 17:12:21', '2025-08-15 17:12:21'),
(672, 133, 98, 2024, NULL, NULL, NULL, NULL, NULL, NULL, NULL, '2025-08-15 17:12:21', '2025-08-15 17:12:21'),
(673, 134, 99, 2018, NULL, NULL, NULL, NULL, NULL, NULL, NULL, '2025-08-15 17:12:21', '2025-08-15 17:12:21'),
(674, 134, 99, 2019, NULL, NULL, NULL, NULL, NULL, NULL, NULL, '2025-08-15 17:12:21', '2025-08-15 17:12:21'),
(675, 134, 99, 2020, NULL, NULL, NULL, NULL, NULL, NULL, NULL, '2025-08-15 17:12:21', '2025-08-15 17:12:21'),
(676, 134, 99, 2021, NULL, NULL, NULL, NULL, NULL, NULL, NULL, '2025-08-15 17:12:21', '2025-08-15 17:12:21'),
(677, 134, 99, 2022, NULL, NULL, NULL, NULL, NULL, NULL, NULL, '2025-08-15 17:12:21', '2025-08-15 17:12:21'),
(678, 134, 99, 2023, NULL, NULL, NULL, NULL, NULL, NULL, NULL, '2025-08-15 17:12:21', '2025-08-15 17:12:21'),
(679, 134, 99, 2024, NULL, NULL, NULL, NULL, NULL, NULL, NULL, '2025-08-15 17:12:21', '2025-08-15 17:12:21'),
(680, 135, 99, 2018, NULL, NULL, NULL, NULL, NULL, NULL, NULL, '2025-08-15 17:12:21', '2025-08-15 17:12:21'),
(681, 135, 99, 2019, NULL, NULL, NULL, NULL, NULL, NULL, NULL, '2025-08-15 17:12:21', '2025-08-15 17:12:21'),
(682, 135, 99, 2020, NULL, NULL, NULL, NULL, NULL, NULL, NULL, '2025-08-15 17:12:21', '2025-08-15 17:12:21'),
(683, 135, 99, 2021, NULL, NULL, NULL, NULL, NULL, NULL, NULL, '2025-08-15 17:12:21', '2025-08-15 17:12:21'),
(684, 135, 99, 2022, NULL, NULL, NULL, NULL, NULL, NULL, NULL, '2025-08-15 17:12:21', '2025-08-15 17:12:21'),
(685, 135, 99, 2023, NULL, NULL, NULL, NULL, NULL, NULL, NULL, '2025-08-15 17:12:21', '2025-08-15 17:12:21'),
(686, 135, 99, 2024, NULL, NULL, NULL, NULL, NULL, NULL, NULL, '2025-08-15 17:12:21', '2025-08-15 17:12:21'),
(687, 136, 99, 2018, NULL, NULL, NULL, NULL, NULL, NULL, NULL, '2025-08-15 17:12:21', '2025-08-15 17:12:21'),
(688, 136, 99, 2019, NULL, NULL, NULL, NULL, NULL, NULL, NULL, '2025-08-15 17:12:21', '2025-08-15 17:12:21'),
(689, 136, 99, 2020, NULL, NULL, NULL, NULL, NULL, NULL, NULL, '2025-08-15 17:12:21', '2025-08-15 17:12:21'),
(690, 136, 99, 2021, NULL, NULL, NULL, NULL, NULL, NULL, NULL, '2025-08-15 17:12:21', '2025-08-15 17:12:21'),
(691, 136, 99, 2022, NULL, NULL, NULL, NULL, NULL, NULL, NULL, '2025-08-15 17:12:21', '2025-08-15 17:12:21'),
(692, 136, 99, 2023, NULL, NULL, NULL, NULL, NULL, NULL, NULL, '2025-08-15 17:12:21', '2025-08-15 17:12:21'),
(693, 136, 99, 2024, NULL, NULL, NULL, NULL, NULL, NULL, NULL, '2025-08-15 17:12:21', '2025-08-15 17:12:21'),
(694, 137, 99, 2018, NULL, NULL, NULL, NULL, NULL, NULL, NULL, '2025-08-15 17:12:21', '2025-08-15 17:12:21'),
(695, 137, 99, 2019, NULL, NULL, NULL, NULL, NULL, NULL, NULL, '2025-08-15 17:12:21', '2025-08-15 17:12:21'),
(696, 137, 99, 2020, NULL, NULL, NULL, NULL, NULL, NULL, NULL, '2025-08-15 17:12:21', '2025-08-15 17:12:21'),
(697, 137, 99, 2021, NULL, NULL, NULL, NULL, NULL, NULL, NULL, '2025-08-15 17:12:21', '2025-08-15 17:12:21'),
(698, 137, 99, 2022, NULL, NULL, NULL, NULL, NULL, NULL, NULL, '2025-08-15 17:12:21', '2025-08-15 17:12:21'),
(699, 137, 99, 2023, NULL, NULL, NULL, NULL, NULL, NULL, NULL, '2025-08-15 17:12:21', '2025-08-15 17:12:21'),
(700, 137, 99, 2024, NULL, NULL, NULL, NULL, NULL, NULL, NULL, '2025-08-15 17:12:21', '2025-08-15 17:12:21'),
(701, 138, 100, 2018, NULL, NULL, NULL, NULL, NULL, NULL, NULL, '2025-08-15 17:12:21', '2025-08-15 17:12:21'),
(702, 138, 100, 2019, NULL, NULL, NULL, NULL, NULL, NULL, NULL, '2025-08-15 17:12:21', '2025-08-15 17:12:21'),
(703, 138, 100, 2020, NULL, NULL, NULL, NULL, NULL, NULL, NULL, '2025-08-15 17:12:21', '2025-08-15 17:12:21'),
(704, 138, 100, 2021, NULL, NULL, NULL, NULL, NULL, NULL, NULL, '2025-08-15 17:12:21', '2025-08-15 17:12:21'),
(705, 138, 100, 2022, NULL, NULL, NULL, NULL, NULL, NULL, NULL, '2025-08-15 17:12:21', '2025-08-15 17:12:21'),
(706, 138, 100, 2023, NULL, NULL, NULL, NULL, NULL, NULL, NULL, '2025-08-15 17:12:21', '2025-08-15 17:12:21'),
(707, 138, 100, 2024, NULL, NULL, NULL, NULL, NULL, NULL, NULL, '2025-08-15 17:12:21', '2025-08-15 17:12:21'),
(708, 139, 100, 2018, NULL, NULL, NULL, NULL, NULL, NULL, NULL, '2025-08-15 17:12:21', '2025-08-15 17:12:21'),
(709, 139, 100, 2019, NULL, NULL, NULL, NULL, NULL, NULL, NULL, '2025-08-15 17:12:21', '2025-08-15 17:12:21'),
(710, 139, 100, 2020, NULL, NULL, NULL, NULL, NULL, NULL, NULL, '2025-08-15 17:12:21', '2025-08-15 17:12:21'),
(711, 139, 100, 2021, NULL, NULL, NULL, NULL, NULL, NULL, NULL, '2025-08-15 17:12:21', '2025-08-15 17:12:21'),
(712, 139, 100, 2022, NULL, NULL, NULL, NULL, NULL, NULL, NULL, '2025-08-15 17:12:21', '2025-08-15 17:12:21'),
(713, 139, 100, 2023, NULL, NULL, NULL, NULL, NULL, NULL, NULL, '2025-08-15 17:12:21', '2025-08-15 17:12:21'),
(714, 139, 100, 2024, NULL, NULL, NULL, NULL, NULL, NULL, NULL, '2025-08-15 17:12:21', '2025-08-15 17:12:21'),
(715, 140, 100, 2018, NULL, NULL, NULL, NULL, NULL, NULL, NULL, '2025-08-15 17:12:21', '2025-08-15 17:12:21'),
(716, 140, 100, 2019, NULL, NULL, NULL, NULL, NULL, NULL, NULL, '2025-08-15 17:12:21', '2025-08-15 17:12:21'),
(717, 140, 100, 2020, NULL, NULL, NULL, NULL, NULL, NULL, NULL, '2025-08-15 17:12:21', '2025-08-15 17:12:21'),
(718, 140, 100, 2021, NULL, NULL, NULL, NULL, NULL, NULL, NULL, '2025-08-15 17:12:21', '2025-08-15 17:12:21'),
(719, 140, 100, 2022, NULL, NULL, NULL, NULL, NULL, NULL, NULL, '2025-08-15 17:12:21', '2025-08-15 17:12:21'),
(720, 140, 100, 2023, NULL, NULL, NULL, NULL, NULL, NULL, NULL, '2025-08-15 17:12:21', '2025-08-15 17:12:21'),
(721, 140, 100, 2024, NULL, NULL, NULL, NULL, NULL, NULL, NULL, '2025-08-15 17:12:21', '2025-08-15 17:12:21'),
(722, 141, 100, 2018, NULL, NULL, NULL, NULL, NULL, NULL, NULL, '2025-08-15 17:12:21', '2025-08-15 17:12:21'),
(723, 141, 100, 2019, NULL, NULL, NULL, NULL, NULL, NULL, NULL, '2025-08-15 17:12:21', '2025-08-15 17:12:21'),
(724, 141, 100, 2020, NULL, NULL, NULL, NULL, NULL, NULL, NULL, '2025-08-15 17:12:21', '2025-08-15 17:12:21'),
(725, 141, 100, 2021, NULL, NULL, NULL, NULL, NULL, NULL, NULL, '2025-08-15 17:12:21', '2025-08-15 17:12:21'),
(726, 141, 100, 2022, NULL, NULL, NULL, NULL, NULL, NULL, NULL, '2025-08-15 17:12:21', '2025-08-15 17:12:21'),
(727, 141, 100, 2023, NULL, NULL, NULL, NULL, NULL, NULL, NULL, '2025-08-15 17:12:21', '2025-08-15 17:12:21'),
(728, 141, 100, 2024, NULL, NULL, NULL, NULL, NULL, NULL, NULL, '2025-08-15 17:12:21', '2025-08-15 17:12:21'),
(729, 142, 101, 2018, NULL, NULL, NULL, NULL, NULL, NULL, NULL, '2025-08-15 17:12:21', '2025-08-15 17:12:21'),
(730, 142, 101, 2019, NULL, NULL, NULL, NULL, NULL, NULL, NULL, '2025-08-15 17:12:21', '2025-08-15 17:12:21'),
(731, 142, 101, 2020, NULL, NULL, NULL, NULL, NULL, NULL, NULL, '2025-08-15 17:12:21', '2025-08-15 17:12:21'),
(732, 142, 101, 2021, NULL, NULL, NULL, NULL, NULL, NULL, NULL, '2025-08-15 17:12:21', '2025-08-15 17:12:21'),
(733, 142, 101, 2022, NULL, NULL, NULL, NULL, NULL, NULL, NULL, '2025-08-15 17:12:21', '2025-08-15 17:12:21'),
(734, 142, 101, 2023, NULL, NULL, NULL, NULL, NULL, NULL, NULL, '2025-08-15 17:12:21', '2025-08-15 17:12:21'),
(735, 142, 101, 2024, NULL, NULL, NULL, NULL, NULL, NULL, NULL, '2025-08-15 17:12:21', '2025-08-15 17:12:21'),
(736, 143, 101, 2018, NULL, NULL, NULL, NULL, NULL, NULL, NULL, '2025-08-15 17:12:21', '2025-08-15 17:12:21'),
(737, 143, 101, 2019, NULL, NULL, NULL, NULL, NULL, NULL, NULL, '2025-08-15 17:12:21', '2025-08-15 17:12:21'),
(738, 143, 101, 2020, NULL, NULL, NULL, NULL, NULL, NULL, NULL, '2025-08-15 17:12:21', '2025-08-15 17:12:21'),
(739, 143, 101, 2021, NULL, NULL, NULL, NULL, NULL, NULL, NULL, '2025-08-15 17:12:21', '2025-08-15 17:12:21'),
(740, 143, 101, 2022, NULL, NULL, NULL, NULL, NULL, NULL, NULL, '2025-08-15 17:12:21', '2025-08-15 17:12:21'),
(741, 143, 101, 2023, NULL, NULL, NULL, NULL, NULL, NULL, NULL, '2025-08-15 17:12:21', '2025-08-15 17:12:21'),
(742, 143, 101, 2024, NULL, NULL, NULL, NULL, NULL, NULL, NULL, '2025-08-15 17:12:21', '2025-08-15 17:12:21'),
(743, 144, 101, 2018, NULL, NULL, NULL, NULL, NULL, NULL, NULL, '2025-08-15 17:12:21', '2025-08-15 17:12:21'),
(744, 144, 101, 2019, NULL, NULL, NULL, NULL, NULL, NULL, NULL, '2025-08-15 17:12:21', '2025-08-15 17:12:21'),
(745, 144, 101, 2020, NULL, NULL, NULL, NULL, NULL, NULL, NULL, '2025-08-15 17:12:21', '2025-08-15 17:12:21'),
(746, 144, 101, 2021, NULL, NULL, NULL, NULL, NULL, NULL, NULL, '2025-08-15 17:12:21', '2025-08-15 17:12:21'),
(747, 144, 101, 2022, NULL, NULL, NULL, NULL, NULL, NULL, NULL, '2025-08-15 17:12:21', '2025-08-15 17:12:21'),
(748, 144, 101, 2023, NULL, NULL, NULL, NULL, NULL, NULL, NULL, '2025-08-15 17:12:21', '2025-08-15 17:12:21'),
(749, 144, 101, 2024, NULL, NULL, NULL, NULL, NULL, NULL, NULL, '2025-08-15 17:12:21', '2025-08-15 17:12:21'),
(750, 145, 101, 2018, NULL, NULL, NULL, NULL, NULL, NULL, NULL, '2025-08-15 17:12:21', '2025-08-15 17:12:21'),
(751, 145, 101, 2019, NULL, NULL, NULL, NULL, NULL, NULL, NULL, '2025-08-15 17:12:21', '2025-08-15 17:12:21'),
(752, 145, 101, 2020, NULL, NULL, NULL, NULL, NULL, NULL, NULL, '2025-08-15 17:12:21', '2025-08-15 17:12:21'),
(753, 145, 101, 2021, NULL, NULL, NULL, NULL, NULL, NULL, NULL, '2025-08-15 17:12:21', '2025-08-15 17:12:21'),
(754, 145, 101, 2022, NULL, NULL, NULL, NULL, NULL, NULL, NULL, '2025-08-15 17:12:21', '2025-08-15 17:12:21'),
(755, 145, 101, 2023, NULL, NULL, NULL, NULL, NULL, NULL, NULL, '2025-08-15 17:12:21', '2025-08-15 17:12:21'),
(756, 145, 101, 2024, NULL, NULL, NULL, NULL, NULL, NULL, NULL, '2025-08-15 17:12:21', '2025-08-15 17:12:21'),
(757, 126, 97, 2025, NULL, 0.000, NULL, 56, NULL, 0, NULL, '2025-09-08 16:18:08', '2025-09-08 16:18:08'),
(758, 127, 97, 2025, NULL, 0.000, NULL, 56, NULL, 0, NULL, '2025-09-08 16:18:08', '2025-09-08 16:18:08'),
(759, 128, 97, 2025, NULL, 0.000, NULL, 56, NULL, 0, NULL, '2025-09-08 16:18:08', '2025-09-08 16:18:08'),
(760, 129, 97, 2025, NULL, 0.000, NULL, 59, NULL, 0, NULL, '2025-09-08 16:18:08', '2025-09-08 16:18:08');

-- --------------------------------------------------------

--
-- Structure de la table `releve_item`
--

CREATE TABLE `releve_item` (
  `id` int NOT NULL,
  `releve_id` int NOT NULL,
  `compteur_id` int NOT NULL,
  `index_n1` int DEFAULT NULL,
  `index_n` int DEFAULT NULL,
  `index_compteur_demonte` int DEFAULT NULL,
  `index_nouveau_compteur` int DEFAULT NULL,
  `etat_id` int DEFAULT NULL,
  `forfait` tinyint(1) NOT NULL DEFAULT '0',
  `commentaire` longtext COLLATE utf8mb4_unicode_ci,
  `consommation` decimal(10,3) DEFAULT NULL,
  `created_at` datetime NOT NULL,
  `updated_at` datetime NOT NULL
) ENGINE=InnoDB DEFAULT CHARSET=utf8mb4 COLLATE=utf8mb4_unicode_ci;

--
-- Déchargement des données de la table `releve_item`
--

INSERT INTO `releve_item` (`id`, `releve_id`, `compteur_id`, `index_n1`, `index_n`, `index_compteur_demonte`, `index_nouveau_compteur`, `etat_id`, `forfait`, `commentaire`, `consommation`, `created_at`, `updated_at`) VALUES
(1, 1, 110, NULL, NULL, NULL, NULL, NULL, 0, NULL, NULL, '2025-08-15 17:12:21', '2025-08-15 17:12:21'),
(2, 2, 110, NULL, NULL, NULL, NULL, NULL, 0, NULL, NULL, '2025-08-15 17:12:21', '2025-08-15 17:12:21'),
(3, 3, 110, NULL, NULL, NULL, NULL, NULL, 0, NULL, NULL, '2025-08-15 17:12:21', '2025-08-15 17:12:21'),
(4, 4, 110, NULL, NULL, NULL, NULL, NULL, 0, NULL, NULL, '2025-08-15 17:12:21', '2025-08-15 17:12:21'),
(5, 5, 110, NULL, NULL, NULL, NULL, NULL, 0, NULL, NULL, '2025-08-15 17:12:21', '2025-08-15 17:12:21'),
(6, 6, 110, NULL, NULL, NULL, NULL, NULL, 0, NULL, NULL, '2025-08-15 17:12:21', '2025-08-15 17:12:21'),
(7, 7, 110, NULL, 10, NULL, NULL, NULL, 0, NULL, NULL, '2025-08-15 17:12:21', '2025-09-03 12:46:14'),
(8, 1, 111, NULL, NULL, NULL, NULL, NULL, 0, NULL, NULL, '2025-08-15 17:12:21', '2025-08-15 17:12:21'),
(9, 2, 111, NULL, NULL, NULL, NULL, NULL, 0, NULL, NULL, '2025-08-15 17:12:21', '2025-08-15 17:12:21'),
(10, 3, 111, NULL, NULL, NULL, NULL, NULL, 0, NULL, NULL, '2025-08-15 17:12:21', '2025-08-15 17:12:21'),
(11, 4, 111, NULL, NULL, NULL, NULL, NULL, 0, NULL, NULL, '2025-08-15 17:12:21', '2025-08-15 17:12:21'),
(12, 5, 111, NULL, NULL, NULL, NULL, NULL, 0, NULL, NULL, '2025-08-15 17:12:21', '2025-08-15 17:12:21'),
(13, 6, 111, NULL, NULL, NULL, NULL, NULL, 0, NULL, NULL, '2025-08-15 17:12:21', '2025-08-15 17:12:21'),
(14, 7, 111, NULL, NULL, NULL, NULL, NULL, 0, NULL, NULL, '2025-08-15 17:12:21', '2025-08-15 17:12:21'),
(15, 8, 112, NULL, NULL, NULL, NULL, NULL, 0, NULL, NULL, '2025-08-15 17:12:21', '2025-08-15 17:12:21'),
(16, 9, 112, NULL, NULL, NULL, NULL, NULL, 0, NULL, NULL, '2025-08-15 17:12:21', '2025-08-15 17:12:21'),
(17, 10, 112, NULL, NULL, NULL, NULL, NULL, 0, NULL, NULL, '2025-08-15 17:12:21', '2025-08-15 17:12:21'),
(18, 11, 112, NULL, NULL, NULL, NULL, NULL, 0, NULL, NULL, '2025-08-15 17:12:21', '2025-08-15 17:12:21'),
(19, 12, 112, NULL, NULL, NULL, NULL, NULL, 0, NULL, NULL, '2025-08-15 17:12:21', '2025-08-15 17:12:21'),
(20, 13, 112, NULL, NULL, NULL, NULL, NULL, 0, NULL, NULL, '2025-08-15 17:12:21', '2025-08-15 17:12:21'),
(21, 14, 112, NULL, NULL, NULL, NULL, NULL, 0, NULL, NULL, '2025-08-15 17:12:21', '2025-08-15 17:12:21'),
(22, 8, 113, NULL, NULL, NULL, NULL, NULL, 0, NULL, NULL, '2025-08-15 17:12:21', '2025-08-15 17:12:21'),
(23, 9, 113, NULL, NULL, NULL, NULL, NULL, 0, NULL, NULL, '2025-08-15 17:12:21', '2025-08-15 17:12:21'),
(24, 10, 113, NULL, NULL, NULL, NULL, NULL, 0, NULL, NULL, '2025-08-15 17:12:21', '2025-08-15 17:12:21'),
(25, 11, 113, NULL, NULL, NULL, NULL, NULL, 0, NULL, NULL, '2025-08-15 17:12:21', '2025-08-15 17:12:21'),
(26, 12, 113, NULL, NULL, NULL, NULL, NULL, 0, NULL, NULL, '2025-08-15 17:12:21', '2025-08-15 17:12:21'),
(27, 13, 113, NULL, NULL, NULL, NULL, NULL, 0, NULL, NULL, '2025-08-15 17:12:21', '2025-08-15 17:12:21'),
(28, 14, 113, NULL, NULL, NULL, NULL, NULL, 0, NULL, NULL, '2025-08-15 17:12:21', '2025-08-15 17:12:21'),
(29, 15, 114, NULL, NULL, NULL, NULL, NULL, 0, NULL, NULL, '2025-08-15 17:12:21', '2025-08-15 17:12:21'),
(30, 16, 114, NULL, NULL, NULL, NULL, NULL, 0, NULL, NULL, '2025-08-15 17:12:21', '2025-08-15 17:12:21'),
(31, 17, 114, NULL, NULL, NULL, NULL, NULL, 0, NULL, NULL, '2025-08-15 17:12:21', '2025-08-15 17:12:21'),
(32, 18, 114, NULL, NULL, NULL, NULL, NULL, 0, NULL, NULL, '2025-08-15 17:12:21', '2025-08-15 17:12:21'),
(33, 19, 114, NULL, NULL, NULL, NULL, NULL, 0, NULL, NULL, '2025-08-15 17:12:21', '2025-08-15 17:12:21'),
(34, 20, 114, NULL, NULL, NULL, NULL, NULL, 0, NULL, NULL, '2025-08-15 17:12:21', '2025-08-15 17:12:21'),
(35, 21, 114, NULL, NULL, NULL, NULL, NULL, 0, NULL, NULL, '2025-08-15 17:12:21', '2025-08-15 17:12:21'),
(36, 15, 115, NULL, NULL, NULL, NULL, NULL, 0, NULL, NULL, '2025-08-15 17:12:21', '2025-08-15 17:12:21'),
(37, 16, 115, NULL, NULL, NULL, NULL, NULL, 0, NULL, NULL, '2025-08-15 17:12:21', '2025-08-15 17:12:21'),
(38, 17, 115, NULL, NULL, NULL, NULL, NULL, 0, NULL, NULL, '2025-08-15 17:12:21', '2025-08-15 17:12:21'),
(39, 18, 115, NULL, NULL, NULL, NULL, NULL, 0, NULL, NULL, '2025-08-15 17:12:21', '2025-08-15 17:12:21'),
(40, 19, 115, NULL, NULL, NULL, NULL, NULL, 0, NULL, NULL, '2025-08-15 17:12:21', '2025-08-15 17:12:21'),
(41, 20, 115, NULL, NULL, NULL, NULL, NULL, 0, NULL, NULL, '2025-08-15 17:12:21', '2025-08-15 17:12:21'),
(42, 21, 115, NULL, NULL, NULL, NULL, NULL, 0, NULL, NULL, '2025-08-15 17:12:21', '2025-08-15 17:12:21'),
(43, 15, 116, NULL, NULL, NULL, NULL, NULL, 0, NULL, NULL, '2025-08-15 17:12:21', '2025-08-15 17:12:21'),
(44, 16, 116, NULL, NULL, NULL, NULL, NULL, 0, NULL, NULL, '2025-08-15 17:12:21', '2025-08-15 17:12:21'),
(45, 17, 116, NULL, NULL, NULL, NULL, NULL, 0, NULL, NULL, '2025-08-15 17:12:21', '2025-08-15 17:12:21'),
(46, 18, 116, NULL, NULL, NULL, NULL, NULL, 0, NULL, NULL, '2025-08-15 17:12:21', '2025-08-15 17:12:21'),
(47, 19, 116, NULL, NULL, NULL, NULL, NULL, 0, NULL, NULL, '2025-08-15 17:12:21', '2025-08-15 17:12:21'),
(48, 20, 116, NULL, NULL, NULL, NULL, NULL, 0, NULL, NULL, '2025-08-15 17:12:21', '2025-08-15 17:12:21'),
(49, 21, 116, NULL, NULL, NULL, NULL, NULL, 0, NULL, NULL, '2025-08-15 17:12:21', '2025-08-15 17:12:21'),
(50, 15, 117, NULL, NULL, NULL, NULL, NULL, 0, NULL, NULL, '2025-08-15 17:12:21', '2025-08-15 17:12:21'),
(51, 16, 117, NULL, NULL, NULL, NULL, NULL, 0, NULL, NULL, '2025-08-15 17:12:21', '2025-08-15 17:12:21'),
(52, 17, 117, NULL, NULL, NULL, NULL, NULL, 0, NULL, NULL, '2025-08-15 17:12:21', '2025-08-15 17:12:21'),
(53, 18, 117, NULL, NULL, NULL, NULL, NULL, 0, NULL, NULL, '2025-08-15 17:12:21', '2025-08-15 17:12:21'),
(54, 19, 117, NULL, NULL, NULL, NULL, NULL, 0, NULL, NULL, '2025-08-15 17:12:21', '2025-08-15 17:12:21'),
(55, 20, 117, NULL, NULL, NULL, NULL, NULL, 0, NULL, NULL, '2025-08-15 17:12:21', '2025-08-15 17:12:21'),
(56, 21, 117, NULL, NULL, NULL, NULL, NULL, 0, NULL, NULL, '2025-08-15 17:12:21', '2025-08-15 17:12:21'),
(57, 22, 118, NULL, NULL, NULL, NULL, NULL, 0, NULL, NULL, '2025-08-15 17:12:21', '2025-08-15 17:12:21'),
(58, 23, 118, NULL, NULL, NULL, NULL, NULL, 0, NULL, NULL, '2025-08-15 17:12:21', '2025-08-15 17:12:21'),
(59, 24, 118, NULL, NULL, NULL, NULL, NULL, 0, NULL, NULL, '2025-08-15 17:12:21', '2025-08-15 17:12:21'),
(60, 25, 118, NULL, NULL, NULL, NULL, NULL, 0, NULL, NULL, '2025-08-15 17:12:21', '2025-08-15 17:12:21'),
(61, 26, 118, NULL, NULL, NULL, NULL, NULL, 0, NULL, NULL, '2025-08-15 17:12:21', '2025-08-15 17:12:21'),
(62, 27, 118, NULL, NULL, NULL, NULL, NULL, 0, NULL, NULL, '2025-08-15 17:12:21', '2025-08-15 17:12:21'),
(63, 28, 118, NULL, NULL, NULL, NULL, NULL, 0, NULL, NULL, '2025-08-15 17:12:21', '2025-08-15 17:12:21'),
(64, 22, 119, NULL, NULL, NULL, NULL, NULL, 0, NULL, NULL, '2025-08-15 17:12:21', '2025-08-15 17:12:21'),
(65, 23, 119, NULL, NULL, NULL, NULL, NULL, 0, NULL, NULL, '2025-08-15 17:12:21', '2025-08-15 17:12:21'),
(66, 24, 119, NULL, NULL, NULL, NULL, NULL, 0, NULL, NULL, '2025-08-15 17:12:21', '2025-08-15 17:12:21'),
(67, 25, 119, NULL, NULL, NULL, NULL, NULL, 0, NULL, NULL, '2025-08-15 17:12:21', '2025-08-15 17:12:21'),
(68, 26, 119, NULL, NULL, NULL, NULL, NULL, 0, NULL, NULL, '2025-08-15 17:12:21', '2025-08-15 17:12:21'),
(69, 27, 119, NULL, NULL, NULL, NULL, NULL, 0, NULL, NULL, '2025-08-15 17:12:21', '2025-08-15 17:12:21'),
(70, 28, 119, NULL, NULL, NULL, NULL, NULL, 0, NULL, NULL, '2025-08-15 17:12:21', '2025-08-15 17:12:21'),
(71, 22, 120, NULL, NULL, NULL, NULL, NULL, 0, NULL, NULL, '2025-08-15 17:12:21', '2025-08-15 17:12:21'),
(72, 23, 120, NULL, NULL, NULL, NULL, NULL, 0, NULL, NULL, '2025-08-15 17:12:21', '2025-08-15 17:12:21'),
(73, 24, 120, NULL, NULL, NULL, NULL, NULL, 0, NULL, NULL, '2025-08-15 17:12:21', '2025-08-15 17:12:21'),
(74, 25, 120, NULL, NULL, NULL, NULL, NULL, 0, NULL, NULL, '2025-08-15 17:12:21', '2025-08-15 17:12:21'),
(75, 26, 120, NULL, NULL, NULL, NULL, NULL, 0, NULL, NULL, '2025-08-15 17:12:21', '2025-08-15 17:12:21'),
(76, 27, 120, NULL, NULL, NULL, NULL, NULL, 0, NULL, NULL, '2025-08-15 17:12:21', '2025-08-15 17:12:21'),
(77, 28, 120, NULL, NULL, NULL, NULL, NULL, 0, NULL, NULL, '2025-08-15 17:12:21', '2025-08-15 17:12:21'),
(78, 22, 121, NULL, NULL, NULL, NULL, NULL, 0, NULL, NULL, '2025-08-15 17:12:21', '2025-08-15 17:12:21'),
(79, 23, 121, NULL, NULL, NULL, NULL, NULL, 0, NULL, NULL, '2025-08-15 17:12:21', '2025-08-15 17:12:21'),
(80, 24, 121, NULL, NULL, NULL, NULL, NULL, 0, NULL, NULL, '2025-08-15 17:12:21', '2025-08-15 17:12:21'),
(81, 25, 121, NULL, NULL, NULL, NULL, NULL, 0, NULL, NULL, '2025-08-15 17:12:21', '2025-08-15 17:12:21'),
(82, 26, 121, NULL, NULL, NULL, NULL, NULL, 0, NULL, NULL, '2025-08-15 17:12:21', '2025-08-15 17:12:21'),
(83, 27, 121, NULL, NULL, NULL, NULL, NULL, 0, NULL, NULL, '2025-08-15 17:12:21', '2025-08-15 17:12:21'),
(84, 28, 121, NULL, NULL, NULL, NULL, NULL, 0, NULL, NULL, '2025-08-15 17:12:21', '2025-08-15 17:12:21'),
(85, 29, 122, NULL, NULL, NULL, NULL, NULL, 0, NULL, NULL, '2025-08-15 17:12:21', '2025-08-15 17:12:21'),
(86, 30, 122, NULL, NULL, NULL, NULL, NULL, 0, NULL, NULL, '2025-08-15 17:12:21', '2025-08-15 17:12:21'),
(87, 31, 122, NULL, NULL, NULL, NULL, NULL, 0, NULL, NULL, '2025-08-15 17:12:21', '2025-08-15 17:12:21'),
(88, 32, 122, NULL, NULL, NULL, NULL, NULL, 0, NULL, NULL, '2025-08-15 17:12:21', '2025-08-15 17:12:21'),
(89, 33, 122, NULL, NULL, NULL, NULL, NULL, 0, NULL, NULL, '2025-08-15 17:12:21', '2025-08-15 17:12:21'),
(90, 34, 122, NULL, NULL, NULL, NULL, NULL, 0, NULL, NULL, '2025-08-15 17:12:21', '2025-08-15 17:12:21'),
(91, 35, 122, NULL, NULL, NULL, NULL, NULL, 0, NULL, NULL, '2025-08-15 17:12:21', '2025-08-15 17:12:21'),
(92, 29, 123, NULL, NULL, NULL, NULL, NULL, 0, NULL, NULL, '2025-08-15 17:12:21', '2025-08-15 17:12:21'),
(93, 30, 123, NULL, NULL, NULL, NULL, NULL, 0, NULL, NULL, '2025-08-15 17:12:21', '2025-08-15 17:12:21'),
(94, 31, 123, NULL, NULL, NULL, NULL, NULL, 0, NULL, NULL, '2025-08-15 17:12:21', '2025-08-15 17:12:21'),
(95, 32, 123, NULL, NULL, NULL, NULL, NULL, 0, NULL, NULL, '2025-08-15 17:12:21', '2025-08-15 17:12:21'),
(96, 33, 123, NULL, NULL, NULL, NULL, NULL, 0, NULL, NULL, '2025-08-15 17:12:21', '2025-08-15 17:12:21'),
(97, 34, 123, NULL, NULL, NULL, NULL, NULL, 0, NULL, NULL, '2025-08-15 17:12:21', '2025-08-15 17:12:21'),
(98, 35, 123, NULL, NULL, NULL, NULL, NULL, 0, NULL, NULL, '2025-08-15 17:12:21', '2025-08-15 17:12:21'),
(99, 29, 124, NULL, NULL, NULL, NULL, NULL, 0, NULL, NULL, '2025-08-15 17:12:21', '2025-08-15 17:12:21'),
(100, 30, 124, NULL, NULL, NULL, NULL, NULL, 0, NULL, NULL, '2025-08-15 17:12:21', '2025-08-15 17:12:21'),
(101, 31, 124, NULL, NULL, NULL, NULL, NULL, 0, NULL, NULL, '2025-08-15 17:12:21', '2025-08-15 17:12:21'),
(102, 32, 124, NULL, NULL, NULL, NULL, NULL, 0, NULL, NULL, '2025-08-15 17:12:21', '2025-08-15 17:12:21'),
(103, 33, 124, NULL, NULL, NULL, NULL, NULL, 0, NULL, NULL, '2025-08-15 17:12:21', '2025-08-15 17:12:21'),
(104, 34, 124, NULL, NULL, NULL, NULL, NULL, 0, NULL, NULL, '2025-08-15 17:12:21', '2025-08-15 17:12:21'),
(105, 35, 124, NULL, NULL, NULL, NULL, NULL, 0, NULL, NULL, '2025-08-15 17:12:21', '2025-08-15 17:12:21'),
(106, 29, 125, NULL, NULL, NULL, NULL, NULL, 0, NULL, NULL, '2025-08-15 17:12:21', '2025-08-15 17:12:21'),
(107, 30, 125, NULL, NULL, NULL, NULL, NULL, 0, NULL, NULL, '2025-08-15 17:12:21', '2025-08-15 17:12:21'),
(108, 31, 125, NULL, NULL, NULL, NULL, NULL, 0, NULL, NULL, '2025-08-15 17:12:21', '2025-08-15 17:12:21'),
(109, 32, 125, NULL, NULL, NULL, NULL, NULL, 0, NULL, NULL, '2025-08-15 17:12:21', '2025-08-15 17:12:21'),
(110, 33, 125, NULL, NULL, NULL, NULL, NULL, 0, NULL, NULL, '2025-08-15 17:12:21', '2025-08-15 17:12:21'),
(111, 34, 125, NULL, NULL, NULL, NULL, NULL, 0, NULL, NULL, '2025-08-15 17:12:21', '2025-08-15 17:12:21'),
(112, 35, 125, NULL, NULL, NULL, NULL, NULL, 0, NULL, NULL, '2025-08-15 17:12:21', '2025-08-15 17:12:21'),
(113, 36, 126, NULL, NULL, NULL, NULL, NULL, 0, NULL, NULL, '2025-08-15 17:12:21', '2025-08-15 17:12:21'),
(114, 37, 126, NULL, NULL, NULL, NULL, NULL, 0, NULL, NULL, '2025-08-15 17:12:21', '2025-08-15 17:12:21'),
(115, 38, 126, NULL, NULL, NULL, NULL, NULL, 0, NULL, NULL, '2025-08-15 17:12:21', '2025-08-15 17:12:21'),
(116, 39, 126, NULL, NULL, NULL, NULL, NULL, 0, NULL, NULL, '2025-08-15 17:12:21', '2025-08-15 17:12:21'),
(117, 40, 126, NULL, NULL, NULL, NULL, NULL, 0, NULL, NULL, '2025-08-15 17:12:21', '2025-08-15 17:12:21'),
(118, 41, 126, NULL, NULL, NULL, NULL, NULL, 0, NULL, NULL, '2025-08-15 17:12:21', '2025-08-15 17:12:21'),
(119, 42, 126, NULL, NULL, NULL, NULL, NULL, 0, NULL, NULL, '2025-08-15 17:12:21', '2025-08-15 17:12:21'),
(120, 36, 127, NULL, NULL, NULL, NULL, NULL, 0, NULL, NULL, '2025-08-15 17:12:21', '2025-08-15 17:12:21'),
(121, 37, 127, NULL, NULL, NULL, NULL, NULL, 0, NULL, NULL, '2025-08-15 17:12:21', '2025-08-15 17:12:21'),
(122, 38, 127, NULL, NULL, NULL, NULL, NULL, 0, NULL, NULL, '2025-08-15 17:12:21', '2025-08-15 17:12:21'),
(123, 39, 127, NULL, NULL, NULL, NULL, NULL, 0, NULL, NULL, '2025-08-15 17:12:21', '2025-08-15 17:12:21'),
(124, 40, 127, NULL, NULL, NULL, NULL, NULL, 0, NULL, NULL, '2025-08-15 17:12:21', '2025-08-15 17:12:21'),
(125, 41, 127, NULL, NULL, NULL, NULL, NULL, 0, NULL, NULL, '2025-08-15 17:12:21', '2025-08-15 17:12:21'),
(126, 42, 127, NULL, NULL, NULL, NULL, NULL, 0, NULL, NULL, '2025-08-15 17:12:21', '2025-08-15 17:12:21'),
(127, 36, 128, NULL, NULL, NULL, NULL, NULL, 0, NULL, NULL, '2025-08-15 17:12:21', '2025-08-15 17:12:21'),
(128, 37, 128, NULL, NULL, NULL, NULL, NULL, 0, NULL, NULL, '2025-08-15 17:12:21', '2025-08-15 17:12:21'),
(129, 38, 128, NULL, NULL, NULL, NULL, NULL, 0, NULL, NULL, '2025-08-15 17:12:21', '2025-08-15 17:12:21'),
(130, 39, 128, NULL, NULL, NULL, NULL, NULL, 0, NULL, NULL, '2025-08-15 17:12:21', '2025-08-15 17:12:21'),
(131, 40, 128, NULL, NULL, NULL, NULL, NULL, 0, NULL, NULL, '2025-08-15 17:12:21', '2025-08-15 17:12:21'),
(132, 41, 128, NULL, NULL, NULL, NULL, NULL, 0, NULL, NULL, '2025-08-15 17:12:21', '2025-08-15 17:12:21'),
(133, 42, 128, NULL, NULL, NULL, NULL, NULL, 0, NULL, NULL, '2025-08-15 17:12:21', '2025-08-15 17:12:21'),
(134, 36, 129, NULL, NULL, NULL, NULL, NULL, 0, NULL, NULL, '2025-08-15 17:12:21', '2025-08-15 17:12:21'),
(135, 37, 129, NULL, NULL, NULL, NULL, NULL, 0, NULL, NULL, '2025-08-15 17:12:21', '2025-08-15 17:12:21'),
(136, 38, 129, NULL, NULL, NULL, NULL, NULL, 0, NULL, NULL, '2025-08-15 17:12:21', '2025-08-15 17:12:21'),
(137, 39, 129, NULL, NULL, NULL, NULL, NULL, 0, NULL, NULL, '2025-08-15 17:12:21', '2025-08-15 17:12:21'),
(138, 40, 129, NULL, NULL, NULL, NULL, NULL, 0, NULL, NULL, '2025-08-15 17:12:21', '2025-08-15 17:12:21'),
(139, 41, 129, NULL, NULL, NULL, NULL, NULL, 0, NULL, NULL, '2025-08-15 17:12:21', '2025-08-15 17:12:21'),
(140, 42, 129, NULL, NULL, NULL, NULL, NULL, 0, NULL, NULL, '2025-08-15 17:12:21', '2025-08-15 17:12:21'),
(141, 43, 130, NULL, NULL, NULL, NULL, NULL, 0, NULL, NULL, '2025-08-15 17:12:21', '2025-08-15 17:12:21'),
(142, 44, 130, NULL, NULL, NULL, NULL, NULL, 0, NULL, NULL, '2025-08-15 17:12:21', '2025-08-15 17:12:21'),
(143, 45, 130, NULL, NULL, NULL, NULL, NULL, 0, NULL, NULL, '2025-08-15 17:12:21', '2025-08-15 17:12:21'),
(144, 46, 130, NULL, NULL, NULL, NULL, NULL, 0, NULL, NULL, '2025-08-15 17:12:21', '2025-08-15 17:12:21'),
(145, 47, 130, NULL, NULL, NULL, NULL, NULL, 0, NULL, NULL, '2025-08-15 17:12:21', '2025-08-15 17:12:21'),
(146, 48, 130, NULL, NULL, NULL, NULL, NULL, 0, NULL, NULL, '2025-08-15 17:12:21', '2025-08-15 17:12:21'),
(147, 49, 130, NULL, NULL, NULL, NULL, NULL, 0, NULL, NULL, '2025-08-15 17:12:21', '2025-08-15 17:12:21'),
(148, 43, 131, NULL, NULL, NULL, NULL, NULL, 0, NULL, NULL, '2025-08-15 17:12:21', '2025-08-15 17:12:21'),
(149, 44, 131, NULL, NULL, NULL, NULL, NULL, 0, NULL, NULL, '2025-08-15 17:12:21', '2025-08-15 17:12:21'),
(150, 45, 131, NULL, NULL, NULL, NULL, NULL, 0, NULL, NULL, '2025-08-15 17:12:21', '2025-08-15 17:12:21'),
(151, 46, 131, NULL, NULL, NULL, NULL, NULL, 0, NULL, NULL, '2025-08-15 17:12:21', '2025-08-15 17:12:21'),
(152, 47, 131, NULL, NULL, NULL, NULL, NULL, 0, NULL, NULL, '2025-08-15 17:12:21', '2025-08-15 17:12:21'),
(153, 48, 131, NULL, NULL, NULL, NULL, NULL, 0, NULL, NULL, '2025-08-15 17:12:21', '2025-08-15 17:12:21'),
(154, 49, 131, NULL, NULL, NULL, NULL, NULL, 0, NULL, NULL, '2025-08-15 17:12:21', '2025-08-15 17:12:21'),
(155, 43, 132, NULL, NULL, NULL, NULL, NULL, 0, NULL, NULL, '2025-08-15 17:12:21', '2025-08-15 17:12:21'),
(156, 44, 132, NULL, NULL, NULL, NULL, NULL, 0, NULL, NULL, '2025-08-15 17:12:21', '2025-08-15 17:12:21'),
(157, 45, 132, NULL, NULL, NULL, NULL, NULL, 0, NULL, NULL, '2025-08-15 17:12:21', '2025-08-15 17:12:21'),
(158, 46, 132, NULL, NULL, NULL, NULL, NULL, 0, NULL, NULL, '2025-08-15 17:12:21', '2025-08-15 17:12:21'),
(159, 47, 132, NULL, NULL, NULL, NULL, NULL, 0, NULL, NULL, '2025-08-15 17:12:21', '2025-08-15 17:12:21'),
(160, 48, 132, NULL, NULL, NULL, NULL, NULL, 0, NULL, NULL, '2025-08-15 17:12:21', '2025-08-15 17:12:21'),
(161, 49, 132, NULL, NULL, NULL, NULL, NULL, 0, NULL, NULL, '2025-08-15 17:12:21', '2025-08-15 17:12:21'),
(162, 43, 133, NULL, NULL, NULL, NULL, NULL, 0, NULL, NULL, '2025-08-15 17:12:21', '2025-08-15 17:12:21'),
(163, 44, 133, NULL, NULL, NULL, NULL, NULL, 0, NULL, NULL, '2025-08-15 17:12:21', '2025-08-15 17:12:21'),
(164, 45, 133, NULL, NULL, NULL, NULL, NULL, 0, NULL, NULL, '2025-08-15 17:12:21', '2025-08-15 17:12:21'),
(165, 46, 133, NULL, NULL, NULL, NULL, NULL, 0, NULL, NULL, '2025-08-15 17:12:21', '2025-08-15 17:12:21'),
(166, 47, 133, NULL, NULL, NULL, NULL, NULL, 0, NULL, NULL, '2025-08-15 17:12:21', '2025-08-15 17:12:21'),
(167, 48, 133, NULL, NULL, NULL, NULL, NULL, 0, NULL, NULL, '2025-08-15 17:12:21', '2025-08-15 17:12:21'),
(168, 49, 133, NULL, NULL, NULL, NULL, NULL, 0, NULL, NULL, '2025-08-15 17:12:21', '2025-08-15 17:12:21'),
(169, 50, 134, NULL, NULL, NULL, NULL, NULL, 0, NULL, NULL, '2025-08-15 17:12:21', '2025-08-15 17:12:21'),
(170, 51, 134, NULL, NULL, NULL, NULL, NULL, 0, NULL, NULL, '2025-08-15 17:12:21', '2025-08-15 17:12:21'),
(171, 52, 134, NULL, NULL, NULL, NULL, NULL, 0, NULL, NULL, '2025-08-15 17:12:21', '2025-08-15 17:12:21'),
(172, 53, 134, NULL, NULL, NULL, NULL, NULL, 0, NULL, NULL, '2025-08-15 17:12:21', '2025-08-15 17:12:21'),
(173, 54, 134, NULL, NULL, NULL, NULL, NULL, 0, NULL, NULL, '2025-08-15 17:12:21', '2025-08-15 17:12:21'),
(174, 55, 134, NULL, NULL, NULL, NULL, NULL, 0, NULL, NULL, '2025-08-15 17:12:21', '2025-08-15 17:12:21'),
(175, 56, 134, NULL, NULL, NULL, NULL, NULL, 0, NULL, NULL, '2025-08-15 17:12:21', '2025-08-15 17:12:21'),
(176, 50, 135, NULL, NULL, NULL, NULL, NULL, 0, NULL, NULL, '2025-08-15 17:12:21', '2025-08-15 17:12:21'),
(177, 51, 135, NULL, NULL, NULL, NULL, NULL, 0, NULL, NULL, '2025-08-15 17:12:21', '2025-08-15 17:12:21'),
(178, 52, 135, NULL, NULL, NULL, NULL, NULL, 0, NULL, NULL, '2025-08-15 17:12:21', '2025-08-15 17:12:21'),
(179, 53, 135, NULL, NULL, NULL, NULL, NULL, 0, NULL, NULL, '2025-08-15 17:12:21', '2025-08-15 17:12:21'),
(180, 54, 135, NULL, NULL, NULL, NULL, NULL, 0, NULL, NULL, '2025-08-15 17:12:21', '2025-08-15 17:12:21'),
(181, 55, 135, NULL, NULL, NULL, NULL, NULL, 0, NULL, NULL, '2025-08-15 17:12:21', '2025-08-15 17:12:21'),
(182, 56, 135, NULL, NULL, NULL, NULL, NULL, 0, NULL, NULL, '2025-08-15 17:12:21', '2025-08-15 17:12:21'),
(183, 50, 136, NULL, NULL, NULL, NULL, NULL, 0, NULL, NULL, '2025-08-15 17:12:21', '2025-08-15 17:12:21'),
(184, 51, 136, NULL, NULL, NULL, NULL, NULL, 0, NULL, NULL, '2025-08-15 17:12:21', '2025-08-15 17:12:21'),
(185, 52, 136, NULL, NULL, NULL, NULL, NULL, 0, NULL, NULL, '2025-08-15 17:12:21', '2025-08-15 17:12:21'),
(186, 53, 136, NULL, NULL, NULL, NULL, NULL, 0, NULL, NULL, '2025-08-15 17:12:21', '2025-08-15 17:12:21'),
(187, 54, 136, NULL, NULL, NULL, NULL, NULL, 0, NULL, NULL, '2025-08-15 17:12:21', '2025-08-15 17:12:21'),
(188, 55, 136, NULL, NULL, NULL, NULL, NULL, 0, NULL, NULL, '2025-08-15 17:12:21', '2025-08-15 17:12:21'),
(189, 56, 136, NULL, NULL, NULL, NULL, NULL, 0, NULL, NULL, '2025-08-15 17:12:21', '2025-08-15 17:12:21'),
(190, 50, 137, NULL, NULL, NULL, NULL, NULL, 0, NULL, NULL, '2025-08-15 17:12:21', '2025-08-15 17:12:21'),
(191, 51, 137, NULL, NULL, NULL, NULL, NULL, 0, NULL, NULL, '2025-08-15 17:12:21', '2025-08-15 17:12:21'),
(192, 52, 137, NULL, NULL, NULL, NULL, NULL, 0, NULL, NULL, '2025-08-15 17:12:21', '2025-08-15 17:12:21'),
(193, 53, 137, NULL, NULL, NULL, NULL, NULL, 0, NULL, NULL, '2025-08-15 17:12:21', '2025-08-15 17:12:21'),
(194, 54, 137, NULL, NULL, NULL, NULL, NULL, 0, NULL, NULL, '2025-08-15 17:12:21', '2025-08-15 17:12:21'),
(195, 55, 137, NULL, NULL, NULL, NULL, NULL, 0, NULL, NULL, '2025-08-15 17:12:21', '2025-08-15 17:12:21'),
(196, 56, 137, NULL, NULL, NULL, NULL, NULL, 0, NULL, NULL, '2025-08-15 17:12:21', '2025-08-15 17:12:21'),
(197, 57, 138, NULL, NULL, NULL, NULL, NULL, 0, NULL, NULL, '2025-08-15 17:12:21', '2025-08-15 17:12:21'),
(198, 58, 138, NULL, NULL, NULL, NULL, NULL, 0, NULL, NULL, '2025-08-15 17:12:21', '2025-08-15 17:12:21'),
(199, 59, 138, NULL, NULL, NULL, NULL, NULL, 0, NULL, NULL, '2025-08-15 17:12:21', '2025-08-15 17:12:21'),
(200, 60, 138, NULL, NULL, NULL, NULL, NULL, 0, NULL, NULL, '2025-08-15 17:12:21', '2025-08-15 17:12:21'),
(201, 61, 138, NULL, NULL, NULL, NULL, NULL, 0, NULL, NULL, '2025-08-15 17:12:21', '2025-08-15 17:12:21'),
(202, 62, 138, NULL, NULL, NULL, NULL, NULL, 0, NULL, NULL, '2025-08-15 17:12:21', '2025-08-15 17:12:21'),
(203, 63, 138, NULL, NULL, NULL, NULL, NULL, 0, NULL, NULL, '2025-08-15 17:12:21', '2025-08-15 17:12:21'),
(204, 57, 139, NULL, NULL, NULL, NULL, NULL, 0, NULL, NULL, '2025-08-15 17:12:21', '2025-08-15 17:12:21'),
(205, 58, 139, NULL, NULL, NULL, NULL, NULL, 0, NULL, NULL, '2025-08-15 17:12:21', '2025-08-15 17:12:21'),
(206, 59, 139, NULL, NULL, NULL, NULL, NULL, 0, NULL, NULL, '2025-08-15 17:12:21', '2025-08-15 17:12:21'),
(207, 60, 139, NULL, NULL, NULL, NULL, NULL, 0, NULL, NULL, '2025-08-15 17:12:21', '2025-08-15 17:12:21'),
(208, 61, 139, NULL, NULL, NULL, NULL, NULL, 0, NULL, NULL, '2025-08-15 17:12:21', '2025-08-15 17:12:21'),
(209, 62, 139, NULL, NULL, NULL, NULL, NULL, 0, NULL, NULL, '2025-08-15 17:12:21', '2025-08-15 17:12:21'),
(210, 63, 139, NULL, NULL, NULL, NULL, NULL, 0, NULL, NULL, '2025-08-15 17:12:21', '2025-08-15 17:12:21'),
(211, 57, 140, NULL, NULL, NULL, NULL, NULL, 0, NULL, NULL, '2025-08-15 17:12:21', '2025-08-15 17:12:21'),
(212, 58, 140, NULL, NULL, NULL, NULL, NULL, 0, NULL, NULL, '2025-08-15 17:12:21', '2025-08-15 17:12:21'),
(213, 59, 140, NULL, NULL, NULL, NULL, NULL, 0, NULL, NULL, '2025-08-15 17:12:21', '2025-08-15 17:12:21'),
(214, 60, 140, NULL, NULL, NULL, NULL, NULL, 0, NULL, NULL, '2025-08-15 17:12:21', '2025-08-15 17:12:21'),
(215, 61, 140, NULL, NULL, NULL, NULL, NULL, 0, NULL, NULL, '2025-08-15 17:12:21', '2025-08-15 17:12:21'),
(216, 62, 140, NULL, NULL, NULL, NULL, NULL, 0, NULL, NULL, '2025-08-15 17:12:21', '2025-08-15 17:12:21'),
(217, 63, 140, NULL, NULL, NULL, NULL, NULL, 0, NULL, NULL, '2025-08-15 17:12:21', '2025-08-15 17:12:21'),
(218, 57, 141, NULL, NULL, NULL, NULL, NULL, 0, NULL, NULL, '2025-08-15 17:12:21', '2025-08-15 17:12:21'),
(219, 58, 141, NULL, NULL, NULL, NULL, NULL, 0, NULL, NULL, '2025-08-15 17:12:21', '2025-08-15 17:12:21'),
(220, 59, 141, NULL, NULL, NULL, NULL, NULL, 0, NULL, NULL, '2025-08-15 17:12:21', '2025-08-15 17:12:21'),
(221, 60, 141, NULL, NULL, NULL, NULL, NULL, 0, NULL, NULL, '2025-08-15 17:12:21', '2025-08-15 17:12:21'),
(222, 61, 141, NULL, NULL, NULL, NULL, NULL, 0, NULL, NULL, '2025-08-15 17:12:21', '2025-08-15 17:12:21'),
(223, 62, 141, NULL, NULL, NULL, NULL, NULL, 0, NULL, NULL, '2025-08-15 17:12:21', '2025-08-15 17:12:21'),
(224, 63, 141, NULL, NULL, NULL, NULL, NULL, 0, NULL, NULL, '2025-08-15 17:12:21', '2025-08-15 17:12:21'),
(225, 64, 142, NULL, NULL, NULL, NULL, NULL, 0, NULL, NULL, '2025-08-15 17:12:21', '2025-08-15 17:12:21'),
(226, 65, 142, NULL, NULL, NULL, NULL, NULL, 0, NULL, NULL, '2025-08-15 17:12:21', '2025-08-15 17:12:21'),
(227, 66, 142, NULL, NULL, NULL, NULL, NULL, 0, NULL, NULL, '2025-08-15 17:12:21', '2025-08-15 17:12:21'),
(228, 67, 142, NULL, NULL, NULL, NULL, NULL, 0, NULL, NULL, '2025-08-15 17:12:21', '2025-08-15 17:12:21'),
(229, 68, 142, NULL, NULL, NULL, NULL, NULL, 0, NULL, NULL, '2025-08-15 17:12:21', '2025-08-15 17:12:21'),
(230, 69, 142, NULL, NULL, NULL, NULL, NULL, 0, NULL, NULL, '2025-08-15 17:12:21', '2025-08-15 17:12:21'),
(231, 70, 142, NULL, NULL, NULL, NULL, NULL, 0, NULL, NULL, '2025-08-15 17:12:21', '2025-08-15 17:12:21'),
(232, 64, 143, NULL, NULL, NULL, NULL, NULL, 0, NULL, NULL, '2025-08-15 17:12:21', '2025-08-15 17:12:21'),
(233, 65, 143, NULL, NULL, NULL, NULL, NULL, 0, NULL, NULL, '2025-08-15 17:12:21', '2025-08-15 17:12:21'),
(234, 66, 143, NULL, NULL, NULL, NULL, NULL, 0, NULL, NULL, '2025-08-15 17:12:21', '2025-08-15 17:12:21'),
(235, 67, 143, NULL, NULL, NULL, NULL, NULL, 0, NULL, NULL, '2025-08-15 17:12:21', '2025-08-15 17:12:21'),
(236, 68, 143, NULL, NULL, NULL, NULL, NULL, 0, NULL, NULL, '2025-08-15 17:12:21', '2025-08-15 17:12:21'),
(237, 69, 143, NULL, NULL, NULL, NULL, NULL, 0, NULL, NULL, '2025-08-15 17:12:21', '2025-08-15 17:12:21'),
(238, 70, 143, NULL, NULL, NULL, NULL, NULL, 0, NULL, NULL, '2025-08-15 17:12:21', '2025-08-15 17:12:21'),
(239, 64, 144, NULL, NULL, NULL, NULL, NULL, 0, NULL, NULL, '2025-08-15 17:12:21', '2025-08-15 17:12:21'),
(240, 65, 144, NULL, NULL, NULL, NULL, NULL, 0, NULL, NULL, '2025-08-15 17:12:21', '2025-08-15 17:12:21'),
(241, 66, 144, NULL, NULL, NULL, NULL, NULL, 0, NULL, NULL, '2025-08-15 17:12:21', '2025-08-15 17:12:21'),
(242, 67, 144, NULL, NULL, NULL, NULL, NULL, 0, NULL, NULL, '2025-08-15 17:12:21', '2025-08-15 17:12:21'),
(243, 68, 144, NULL, NULL, NULL, NULL, NULL, 0, NULL, NULL, '2025-08-15 17:12:21', '2025-08-15 17:12:21'),
(244, 69, 144, NULL, NULL, NULL, NULL, NULL, 0, NULL, NULL, '2025-08-15 17:12:21', '2025-08-15 17:12:21'),
(245, 70, 144, NULL, NULL, NULL, NULL, NULL, 0, NULL, NULL, '2025-08-15 17:12:21', '2025-08-15 17:12:21'),
(246, 64, 145, NULL, NULL, NULL, NULL, NULL, 0, NULL, NULL, '2025-08-15 17:12:21', '2025-08-15 17:12:21'),
(247, 65, 145, NULL, NULL, NULL, NULL, NULL, 0, NULL, NULL, '2025-08-15 17:12:21', '2025-08-15 17:12:21'),
(248, 66, 145, NULL, NULL, NULL, NULL, NULL, 0, NULL, NULL, '2025-08-15 17:12:21', '2025-08-15 17:12:21'),
(249, 67, 145, NULL, NULL, NULL, NULL, NULL, 0, NULL, NULL, '2025-08-15 17:12:21', '2025-08-15 17:12:21'),
(250, 68, 145, NULL, NULL, NULL, NULL, NULL, 0, NULL, NULL, '2025-08-15 17:12:21', '2025-08-15 17:12:21'),
(251, 69, 145, NULL, NULL, NULL, NULL, NULL, 0, NULL, NULL, '2025-08-15 17:12:21', '2025-08-15 17:12:21'),
(252, 70, 145, NULL, NULL, NULL, NULL, NULL, 0, NULL, NULL, '2025-08-15 17:12:21', '2025-08-15 17:12:21'),
(253, 71, 126, NULL, NULL, 0, NULL, 56, 0, NULL, 0.000, '2025-09-08 16:18:08', '2025-09-08 16:18:08'),
(254, 71, 127, NULL, NULL, 0, NULL, 56, 0, NULL, 0.000, '2025-09-08 16:18:08', '2025-09-08 16:18:08'),
(255, 71, 128, NULL, NULL, 0, NULL, 56, 0, NULL, 0.000, '2025-09-08 16:18:08', '2025-09-08 16:18:08'),
(256, 71, 129, NULL, NULL, 0, NULL, 59, 0, NULL, 0.000, '2025-09-08 16:18:08', '2025-09-08 16:18:08');

-- --------------------------------------------------------

--
-- Structure de la table `releve_new`
--

CREATE TABLE `releve_new` (
  `id` int NOT NULL,
  `lot_id` int NOT NULL,
  `annee` int NOT NULL,
  `created_at` datetime NOT NULL,
  `updated_at` datetime NOT NULL,
  `verrouille` tinyint(1) NOT NULL DEFAULT '0'
) ENGINE=InnoDB DEFAULT CHARSET=utf8mb4 COLLATE=utf8mb4_unicode_ci;

--
-- Déchargement des données de la table `releve_new`
--

INSERT INTO `releve_new` (`id`, `lot_id`, `annee`, `created_at`, `updated_at`, `verrouille`) VALUES
(1, 92, 2018, '2025-08-15 17:12:21', '2025-08-15 17:12:21', 0),
(2, 92, 2019, '2025-08-15 17:12:21', '2025-08-15 17:12:21', 0),
(3, 92, 2020, '2025-08-15 17:12:21', '2025-08-15 17:12:21', 0),
(4, 92, 2021, '2025-08-15 17:12:21', '2025-08-15 17:12:21', 0),
(5, 92, 2022, '2025-08-15 17:12:21', '2025-08-15 17:12:21', 0),
(6, 92, 2023, '2025-08-15 17:12:21', '2025-08-15 17:12:21', 0),
(7, 92, 2024, '2025-08-15 17:12:21', '2025-09-03 12:46:14', 0),
(8, 93, 2018, '2025-08-15 17:12:21', '2025-08-15 17:12:21', 0),
(9, 93, 2019, '2025-08-15 17:12:21', '2025-08-15 17:12:21', 0),
(10, 93, 2020, '2025-08-15 17:12:21', '2025-08-15 17:12:21', 0),
(11, 93, 2021, '2025-08-15 17:12:21', '2025-08-15 17:12:21', 0),
(12, 93, 2022, '2025-08-15 17:12:21', '2025-08-15 17:12:21', 0),
(13, 93, 2023, '2025-08-15 17:12:21', '2025-08-15 17:12:21', 0),
(14, 93, 2024, '2025-08-15 17:12:21', '2025-08-15 17:12:21', 0),
(15, 94, 2018, '2025-08-15 17:12:21', '2025-08-15 17:12:21', 0),
(16, 94, 2019, '2025-08-15 17:12:21', '2025-08-15 17:12:21', 0),
(17, 94, 2020, '2025-08-15 17:12:21', '2025-08-15 17:12:21', 0),
(18, 94, 2021, '2025-08-15 17:12:21', '2025-08-15 17:12:21', 0),
(19, 94, 2022, '2025-08-15 17:12:21', '2025-08-15 17:12:21', 0),
(20, 94, 2023, '2025-08-15 17:12:21', '2025-08-15 17:12:21', 0),
(21, 94, 2024, '2025-08-15 17:12:21', '2025-08-15 17:12:21', 0),
(22, 95, 2018, '2025-08-15 17:12:21', '2025-08-15 17:12:21', 0),
(23, 95, 2019, '2025-08-15 17:12:21', '2025-08-15 17:12:21', 0),
(24, 95, 2020, '2025-08-15 17:12:21', '2025-08-15 17:12:21', 0),
(25, 95, 2021, '2025-08-15 17:12:21', '2025-08-15 17:12:21', 0),
(26, 95, 2022, '2025-08-15 17:12:21', '2025-08-15 17:12:21', 0),
(27, 95, 2023, '2025-08-15 17:12:21', '2025-08-15 17:12:21', 0),
(28, 95, 2024, '2025-08-15 17:12:21', '2025-08-15 17:12:21', 0),
(29, 96, 2018, '2025-08-15 17:12:21', '2025-08-15 17:12:21', 0),
(30, 96, 2019, '2025-08-15 17:12:21', '2025-08-15 17:12:21', 0),
(31, 96, 2020, '2025-08-15 17:12:21', '2025-08-15 17:12:21', 0),
(32, 96, 2021, '2025-08-15 17:12:21', '2025-08-15 17:12:21', 0),
(33, 96, 2022, '2025-08-15 17:12:21', '2025-08-15 17:12:21', 0),
(34, 96, 2023, '2025-08-15 17:12:21', '2025-08-15 17:12:21', 0),
(35, 96, 2024, '2025-08-15 17:12:21', '2025-08-15 17:12:21', 0),
(36, 97, 2018, '2025-08-15 17:12:21', '2025-08-15 17:12:21', 0),
(37, 97, 2019, '2025-08-15 17:12:21', '2025-08-15 17:12:21', 0),
(38, 97, 2020, '2025-08-15 17:12:21', '2025-08-15 17:12:21', 0),
(39, 97, 2021, '2025-08-15 17:12:21', '2025-08-15 17:12:21', 0),
(40, 97, 2022, '2025-08-15 17:12:21', '2025-08-15 17:12:21', 0),
(41, 97, 2023, '2025-08-15 17:12:21', '2025-08-15 17:12:21', 0),
(42, 97, 2024, '2025-08-15 17:12:21', '2025-08-15 17:12:21', 0),
(43, 98, 2018, '2025-08-15 17:12:21', '2025-08-15 17:12:21', 0),
(44, 98, 2019, '2025-08-15 17:12:21', '2025-08-15 17:12:21', 0),
(45, 98, 2020, '2025-08-15 17:12:21', '2025-08-15 17:12:21', 0),
(46, 98, 2021, '2025-08-15 17:12:21', '2025-08-15 17:12:21', 0),
(47, 98, 2022, '2025-08-15 17:12:21', '2025-08-15 17:12:21', 0),
(48, 98, 2023, '2025-08-15 17:12:21', '2025-08-15 17:12:21', 0),
(49, 98, 2024, '2025-08-15 17:12:21', '2025-08-15 17:12:21', 0),
(50, 99, 2018, '2025-08-15 17:12:21', '2025-08-15 17:12:21', 0),
(51, 99, 2019, '2025-08-15 17:12:21', '2025-08-15 17:12:21', 0),
(52, 99, 2020, '2025-08-15 17:12:21', '2025-08-15 17:12:21', 0),
(53, 99, 2021, '2025-08-15 17:12:21', '2025-08-15 17:12:21', 0),
(54, 99, 2022, '2025-08-15 17:12:21', '2025-08-15 17:12:21', 0),
(55, 99, 2023, '2025-08-15 17:12:21', '2025-08-15 17:12:21', 0),
(56, 99, 2024, '2025-08-15 17:12:21', '2025-08-15 17:12:21', 0),
(57, 100, 2018, '2025-08-15 17:12:21', '2025-08-15 17:12:21', 0),
(58, 100, 2019, '2025-08-15 17:12:21', '2025-08-15 17:12:21', 0),
(59, 100, 2020, '2025-08-15 17:12:21', '2025-08-15 17:12:21', 0),
(60, 100, 2021, '2025-08-15 17:12:21', '2025-08-15 17:12:21', 0),
(61, 100, 2022, '2025-08-15 17:12:21', '2025-08-15 17:12:21', 0),
(62, 100, 2023, '2025-08-15 17:12:21', '2025-08-15 17:12:21', 0),
(63, 100, 2024, '2025-08-15 17:12:21', '2025-08-15 17:12:21', 0),
(64, 101, 2018, '2025-08-15 17:12:21', '2025-08-15 17:12:21', 0),
(65, 101, 2019, '2025-08-15 17:12:21', '2025-08-15 17:12:21', 0),
(66, 101, 2020, '2025-08-15 17:12:21', '2025-08-15 17:12:21', 0),
(67, 101, 2021, '2025-08-15 17:12:21', '2025-08-15 17:12:21', 0),
(68, 101, 2022, '2025-08-15 17:12:21', '2025-08-15 17:12:21', 0),
(69, 101, 2023, '2025-08-15 17:12:21', '2025-08-15 17:12:21', 0),
(70, 101, 2024, '2025-08-15 17:12:21', '2025-08-15 17:12:21', 0),
(71, 97, 2025, '2025-09-08 16:18:08', '2025-09-08 16:18:08', 0);

-- --------------------------------------------------------

--
-- Structure de la table `user`
--

CREATE TABLE `user` (
  `id` int NOT NULL,
  `email` varchar(180) COLLATE utf8mb4_unicode_ci NOT NULL,
  `roles` json NOT NULL,
  `password` varchar(255) COLLATE utf8mb4_unicode_ci NOT NULL
) ENGINE=InnoDB DEFAULT CHARSET=utf8mb4 COLLATE=utf8mb4_unicode_ci;

--
-- Déchargement des données de la table `user`
--

INSERT INTO `user` (`id`, `email`, `roles`, `password`) VALUES
(196, 'admin@example.com', '[\"ROLE_ADMIN\"]', '$2y$13$XqlJkEmOkMvw/XAxhfwUkOpdlugRdTmnS.jb9/Z.42A8pZ9bgXml6'),
(197, 'alice.martin@example.com', '[\"ROLE_USER\"]', '$2y$13$yi54AGhdsBp7GheiS1KN1exkWk69De/lMEnofAtz1xD50I9pH0.qC'),
(198, 'bruno.durand@example.com', '[\"ROLE_USER\"]', '$2y$13$eScjCgm5gvCLiv.SWGd3CuJwV4lsDt5HtcGGewXfeggK0Itrm6vaO'),
(199, 'chloé.moreau@example.com', '[\"ROLE_USER\"]', '$2y$13$RKPPARNxLxzbo3eptzkSEOnrlNhC1yluZgugEEU/KgeHEpJOK9Avy'),
(200, 'david.petit@example.com', '[\"ROLE_USER\"]', '$2y$13$UYedX2rWWVFwtaZlMbanxuwj7OW/egkdlG2oIRIkTQs92gVfVCu9O'),
(201, 'emma.garcia@example.com', '[\"ROLE_USER\"]', '$2y$13$0vtr.HnxEz.mcUjk9UHKTezfPMLi57k6UqV5Rh3Wc2U7EgZpZS46G'),
(202, 'fabien.roux@example.com', '[\"ROLE_USER\"]', '$2y$13$MTcZq8qvbrF2uIGTRwCqMOhlt66ZwgHsV1ePzK6JekwByvgNPYlSe'),
(203, 'gina.lambert@example.com', '[\"ROLE_USER\"]', '$2y$13$Bc1x1tDQ4qpLylmTJW9wP.bBfS5HhoclJ0MfSr7UMaQCa2K213/Cu'),
(204, 'hugo.lefevre@example.com', '[\"ROLE_USER\"]', '$2y$13$cjbG40.3ALm.HsJO8uTzIeCQMxGsPpWAKZu6FH5woCZg5PeqV1XYy'),
(205, 'inès.robert@example.com', '[\"ROLE_USER\"]', '$2y$13$l0HCG0AkTXj/GtALqQIfLuN90EGGWsXaZ.BoNsIRpqcytXyzaYhNC'),
(206, 'jules.richard@example.com', '[\"ROLE_USER\"]', '$2y$13$BrM43DNoi9JoPJZ0XtnINOrJqYAH2YWks6GpJ9HLyyyO4YKPjYgcG'),
(207, 'karen.simon@example.com', '[\"ROLE_USER\"]', '$2y$13$2y4wU4nfRodPI/KPBEGEWuJMVQv8pOuskY00gB3UR1Snczr65OQ9K'),
(208, 'léo.michel@example.com', '[\"ROLE_USER\"]', '$2y$13$fQ1CwL9fbBGiIBNNOCGqg.lnSVB23eqQcjZ2/dv2d5Af0cuakPBRC'),
(209, 'maya.dubois@example.com', '[\"ROLE_USER\"]', '$2y$13$0aOmmlzfatLQin1ILi9MOuG9GtiONZhPrKqcv9hRePHtPZR4q/uSe'),
(210, 'noah.laurent@example.com', '[\"ROLE_USER\"]', '$2y$13$I/SOfeLdbaix0XxQQtfudeyw0YN3FJGHEBrzJ3lkulMAI54e8corW'),
(211, 'ophélie.fournier@example.com', '[\"ROLE_USER\"]', '$2y$13$F4p.bf/l2h8LgsV/oS4hVOnobo2gi4XsAs4kRCLMgAJP/N8dCuOgi');

--
-- Index pour les tables déchargées
--

--
-- Index pour la table `compteur`
--
ALTER TABLE `compteur`
  ADD PRIMARY KEY (`id`),
  ADD KEY `IDX_4D021BD5C74F30C7` (`etat_compteur_id`),
  ADD KEY `IDX_4D021BD5A8CBA5F7` (`lot_id`);

--
-- Index pour la table `coproprietaire`
--
ALTER TABLE `coproprietaire`
  ADD PRIMARY KEY (`id`),
  ADD KEY `IDX_1AB283E7A76ED395` (`user_id`);

--
-- Index pour la table `doctrine_migration_versions`
--
ALTER TABLE `doctrine_migration_versions`
  ADD PRIMARY KEY (`version`);

--
-- Index pour la table `etat_compteur`
--
ALTER TABLE `etat_compteur`
  ADD PRIMARY KEY (`id`);

--
-- Index pour la table `lot`
--
ALTER TABLE `lot`
  ADD PRIMARY KEY (`id`),
  ADD KEY `IDX_B81291BFF2D1A27` (`coproprietaire_id`);

--
-- Index pour la table `messenger_messages`
--
ALTER TABLE `messenger_messages`
  ADD PRIMARY KEY (`id`),
  ADD KEY `IDX_75EA56E0FB7336F0` (`queue_name`),
  ADD KEY `IDX_75EA56E0E3BD61CE` (`available_at`),
  ADD KEY `IDX_75EA56E016BA31DB` (`delivered_at`);

--
-- Index pour la table `parametre`
--
ALTER TABLE `parametre`
  ADD PRIMARY KEY (`id`);

--
-- Index pour la table `releve`
--
ALTER TABLE `releve`
  ADD PRIMARY KEY (`id`),
  ADD UNIQUE KEY `uniq_compteur_annee` (`compteur_id`,`annee`),
  ADD KEY `IDX_DDABFF83AA3B9810` (`compteur_id`),
  ADD KEY `IDX_DDABFF83A8CBA5F7` (`lot_id`),
  ADD KEY `IDX_DDABFF83D5E86FF` (`etat_id`);

--
-- Index pour la table `releve_item`
--
ALTER TABLE `releve_item`
  ADD PRIMARY KEY (`id`),
  ADD UNIQUE KEY `UNIQ_RELEVE_ITEM_MAIN` (`releve_id`,`compteur_id`),
  ADD KEY `IDX_RELEVE_ITEM_RELEVE` (`releve_id`),
  ADD KEY `IDX_RELEVE_ITEM_COMPTEUR` (`compteur_id`);

--
-- Index pour la table `releve_new`
--
ALTER TABLE `releve_new`
  ADD PRIMARY KEY (`id`),
  ADD UNIQUE KEY `UNIQ_RELEVE_NEW_ANNEE_LOT` (`annee`,`lot_id`),
  ADD KEY `IDX_RELEVE_NEW_LOT` (`lot_id`);

--
-- Index pour la table `user`
--
ALTER TABLE `user`
  ADD PRIMARY KEY (`id`),
  ADD UNIQUE KEY `UNIQ_8D93D649E7927C74` (`email`);

--
-- AUTO_INCREMENT pour les tables déchargées
--

--
-- AUTO_INCREMENT pour la table `compteur`
--
ALTER TABLE `compteur`
  MODIFY `id` int NOT NULL AUTO_INCREMENT, AUTO_INCREMENT=146;

--
-- AUTO_INCREMENT pour la table `coproprietaire`
--
ALTER TABLE `coproprietaire`
  MODIFY `id` int NOT NULL AUTO_INCREMENT, AUTO_INCREMENT=202;

--
-- AUTO_INCREMENT pour la table `etat_compteur`
--
ALTER TABLE `etat_compteur`
  MODIFY `id` int NOT NULL AUTO_INCREMENT, AUTO_INCREMENT=64;

--
-- AUTO_INCREMENT pour la table `lot`
--
ALTER TABLE `lot`
  MODIFY `id` int NOT NULL AUTO_INCREMENT, AUTO_INCREMENT=102;

--
-- AUTO_INCREMENT pour la table `messenger_messages`
--
ALTER TABLE `messenger_messages`
  MODIFY `id` bigint NOT NULL AUTO_INCREMENT;

--
-- AUTO_INCREMENT pour la table `parametre`
--
ALTER TABLE `parametre`
  MODIFY `id` int NOT NULL AUTO_INCREMENT, AUTO_INCREMENT=3;

--
-- AUTO_INCREMENT pour la table `releve`
--
ALTER TABLE `releve`
  MODIFY `id` int NOT NULL AUTO_INCREMENT, AUTO_INCREMENT=761;

--
-- AUTO_INCREMENT pour la table `releve_item`
--
ALTER TABLE `releve_item`
  MODIFY `id` int NOT NULL AUTO_INCREMENT, AUTO_INCREMENT=257;

--
-- AUTO_INCREMENT pour la table `releve_new`
--
ALTER TABLE `releve_new`
  MODIFY `id` int NOT NULL AUTO_INCREMENT, AUTO_INCREMENT=72;

--
-- AUTO_INCREMENT pour la table `user`
--
ALTER TABLE `user`
  MODIFY `id` int NOT NULL AUTO_INCREMENT, AUTO_INCREMENT=214;

--
-- Contraintes pour les tables déchargées
--

--
-- Contraintes pour la table `compteur`
--
ALTER TABLE `compteur`
  ADD CONSTRAINT `FK_4D021BD5A8CBA5F7` FOREIGN KEY (`lot_id`) REFERENCES `lot` (`id`),
  ADD CONSTRAINT `FK_4D021BD5C74F30C7` FOREIGN KEY (`etat_compteur_id`) REFERENCES `etat_compteur` (`id`);

--
-- Contraintes pour la table `coproprietaire`
--
ALTER TABLE `coproprietaire`
  ADD CONSTRAINT `FK_1AB283E7A76ED395` FOREIGN KEY (`user_id`) REFERENCES `user` (`id`);

--
-- Contraintes pour la table `lot`
--
ALTER TABLE `lot`
  ADD CONSTRAINT `FK_B81291BFF2D1A27` FOREIGN KEY (`coproprietaire_id`) REFERENCES `coproprietaire` (`id`);

--
-- Contraintes pour la table `releve`
--
ALTER TABLE `releve`
  ADD CONSTRAINT `FK_DDABFF83A8CBA5F7` FOREIGN KEY (`lot_id`) REFERENCES `lot` (`id`),
  ADD CONSTRAINT `FK_DDABFF83AA3B9810` FOREIGN KEY (`compteur_id`) REFERENCES `compteur` (`id`),
  ADD CONSTRAINT `FK_DDABFF83D5E86FF` FOREIGN KEY (`etat_id`) REFERENCES `etat_compteur` (`id`);

--
-- Contraintes pour la table `releve_item`
--
ALTER TABLE `releve_item`
  ADD CONSTRAINT `FK_RELEVE_ITEM_COMPTEUR` FOREIGN KEY (`compteur_id`) REFERENCES `compteur` (`id`),
  ADD CONSTRAINT `FK_RELEVE_ITEM_RELEVE` FOREIGN KEY (`releve_id`) REFERENCES `releve_new` (`id`) ON DELETE CASCADE;

--
-- Contraintes pour la table `releve_new`
--
ALTER TABLE `releve_new`
  ADD CONSTRAINT `FK_RELEVE_NEW_LOT` FOREIGN KEY (`lot_id`) REFERENCES `lot` (`id`);
COMMIT;

/*!40101 SET CHARACTER_SET_CLIENT=@OLD_CHARACTER_SET_CLIENT */;
/*!40101 SET CHARACTER_SET_RESULTS=@OLD_CHARACTER_SET_RESULTS */;
/*!40101 SET COLLATION_CONNECTION=@OLD_COLLATION_CONNECTION */;
